school_id,country,school_name,homepage_url,seed_kind,source
US00001,usa,Southern Illinois University Edwardsville,https://collegedunia.com/usa/university/556-southern-illinois-university-edwardsville,school_homepage,new_vs_265
US00002,usa,University At Albany Albany,https://collegedunia.com/usa/university/881-university-at-albany-albany,school_homepage,new_vs_265
US00003,usa,Northern State University Aberdeen,https://collegedunia.com/usa/university/882-northern-state-university-aberdeen,school_homepage,new_vs_265
US00004,usa,Abilene Christian University Abilene,https://collegedunia.com/usa/university/883-abilene-christian-university-abilene,school_homepage,new_vs_265
US00005,usa,Ohio Northern University Ada,https://collegedunia.com/usa/university/884-ohio-northern-university-ada,school_homepage,new_vs_265
US00006,usa,University Of South Carolina Aiken,https://collegedunia.com/usa/university/886-university-of-south-carolina-aiken,school_homepage,new_vs_265
US00007,usa,University Of Akron Akron,https://collegedunia.com/usa/university/887-university-of-akron-akron,school_homepage,new_vs_265
US00008,usa,Albany Medical College Albany,https://collegedunia.com/usa/college/890-albany-medical-college-albany,school_homepage,new_vs_265
US00009,usa,State University Of New York Polytechnic Institute Albany,https://collegedunia.com/usa/university/892-state-university-of-new-york-polytechnic-institute-albany,school_homepage,new_vs_265
US00010,usa,Alfred State College Alfred,https://collegedunia.com/usa/college/893-alfred-state-college-alfred,school_homepage,new_vs_265
US00011,usa,Albion College Albion,https://collegedunia.com/usa/college/894-albion-college-albion,school_homepage,new_vs_265
US00012,usa,University Of New Mexico Albuquerque,https://collegedunia.com/usa/university/895-university-of-new-mexico-albuquerque,school_homepage,new_vs_265
US00013,usa,Alcorn State University Alcorn,https://collegedunia.com/usa/university/896-alcorn-state-university-alcorn,school_homepage,usa_master_923_backfill
US00014,usa,Alfred University Alfred,https://collegedunia.com/usa/university/897-alfred-university-alfred,school_homepage,new_vs_265
US00015,usa,Alliant International University San Diego,https://collegedunia.com/usa/university/899-alliant-international-university-san-diego,school_homepage,new_vs_265
US00016,usa,Grand Valley State University Allendale,https://collegedunia.com/usa/university/901-grand-valley-state-university-allendale,school_homepage,new_vs_265
US00017,usa,Muhlenberg College Allentown,https://collegedunia.com/usa/college/903-muhlenberg-college-allentown,school_homepage,new_vs_265
US00018,usa,University Of Mount Union Alliance,https://collegedunia.com/usa/university/904-university-of-mount-union-alliance,school_homepage,new_vs_265
US00019,usa,Alma College Alma,https://collegedunia.com/usa/college/905-alma-college-alma,school_homepage,new_vs_265
US00020,usa,Iowa State University Ames,https://collegedunia.com/usa/university/906-iowa-state-university-ames,school_homepage,new_vs_265
US00021,usa,University Of Massachusetts Amherst,https://collegedunia.com/usa/university/907-university-of-massachusetts-amherst,school_homepage,new_vs_265
US00022,usa,Amherst College Amherst,https://collegedunia.com/usa/college/910-amherst-college-amherst,school_homepage,new_vs_265
US00023,usa,Hampshire College Amherst,https://collegedunia.com/usa/college/911-hampshire-college-amherst,school_homepage,new_vs_265
US00024,usa,California University Of Management And Sciences Anaheim,https://collegedunia.com/usa/university/913-california-university-of-management-and-sciences-anaheim,school_homepage,new_vs_265
US00025,usa,University Of Alaska Anchorage,https://collegedunia.com/usa/university/915-university-of-alaska-anchorage,school_homepage,usa_master_923_backfill
US00026,usa,Alaska Pacific University Anchorage,https://collegedunia.com/usa/university/916-alaska-pacific-university-anchorage,school_homepage,usa_master_923_backfill
US00027,usa,Anderson University Indiana Anderson,https://collegedunia.com/usa/university/917-anderson-university---indiana-anderson,school_homepage,usa_master_923_backfill
US00028,usa,Anderson University South Carolina Anderson,https://collegedunia.com/usa/university/918-anderson-university---south-carolina-anderson,school_homepage,usa_master_923_backfill
US00029,usa,Angelo State University San Angelo,https://collegedunia.com/usa/university/919-angelo-state-university-san-angelo,school_homepage,new_vs_265
US00030,usa,Trine University Angola,https://collegedunia.com/usa/university/920-trine-university-angola,school_homepage,new_vs_265
US00031,usa,University Of Michigan Ann Arbor,https://collegedunia.com/usa/university/921-university-of-michigan-ann-arbor,school_homepage,base_265
US00032,usa,Lebanon Valley College Annville,https://collegedunia.com/usa/college/923-lebanon-valley-college-annville,school_homepage,new_vs_265
US00033,usa,Lawrence University Appleton,https://collegedunia.com/usa/college/924-lawrence-university-appleton,school_homepage,new_vs_265
US00034,usa,Humboldt State University Arcata,https://collegedunia.com/usa/university/926-humboldt-state-university-arcata,school_homepage,new_vs_265
US00035,usa,Henderson State University Arkadelphia,https://collegedunia.com/usa/university/927-henderson-state-university-arkadelphia,school_homepage,usa_master_923_backfill
US00036,usa,University Of Texas Arlington,https://collegedunia.com/usa/university/928-university-of-texas-arlington,school_homepage,new_vs_265
US00037,usa,Marymount University Arlington,https://collegedunia.com/usa/university/929-marymount-university-arlington,school_homepage,usa_master_923_backfill
US00038,usa,University Of North Carolina Asheville,https://collegedunia.com/usa/university/931-university-of-north-carolina-asheville,school_homepage,usa_master_923_backfill
US00039,usa,Southern Oregon University Ashland,https://collegedunia.com/usa/university/932-southern-oregon-university-ashland,school_homepage,usa_master_923_backfill
US00040,usa,Ashland University Ashland,https://collegedunia.com/usa/university/933-ashland-university-ashland,school_homepage,new_vs_265
US00041,usa,Ohio University Athens,https://collegedunia.com/usa/university/936-ohio-university-athens,school_homepage,new_vs_265
US00042,usa,University Of Georgia Athens,https://collegedunia.com/usa/university/937-university-of-georgia-athens,school_homepage,new_vs_265
US00043,usa,Concord University Athens,https://collegedunia.com/usa/university/938-concord-university-athens,school_homepage,usa_master_923_backfill
US00044,usa,Tennessee Wesleyan University Athens,https://collegedunia.com/usa/university/940-tennessee-wesleyan-university-athens,school_homepage,usa_master_923_backfill
US00045,usa,Georgia Institute Of Technology Atlanta,https://collegedunia.com/usa/university/942-georgia-institute-of-technology-atlanta,school_homepage,base_265
US00046,usa,Emory University Atlanta,https://collegedunia.com/usa/university/943-emory-university-atlanta,school_homepage,base_265
US00047,usa,Georgia State University Atlanta,https://collegedunia.com/usa/university/944-georgia-state-university-atlanta,school_homepage,base_265
US00048,usa,Clark Atlanta University Atlanta,https://collegedunia.com/usa/university/945-clark-atlanta-university-atlanta,school_homepage,usa_master_923_backfill
US00049,usa,Morehouse College Atlanta,https://collegedunia.com/usa/college/947-morehouse-college-atlanta,school_homepage,new_vs_265
US00050,usa,Spelman College Atlanta,https://collegedunia.com/usa/college/948-spelman-college-atlanta,school_homepage,usa_master_923_backfill
US00051,usa,Auburn University Auburn,https://collegedunia.com/usa/university/949-auburn-university-auburn,school_homepage,new_vs_265
US00052,usa,Augusta University Augusta,https://collegedunia.com/usa/university/950-augusta-university-augusta,school_homepage,usa_master_923_backfill
US00053,usa,Aurora University Aurora,https://collegedunia.com/usa/university/951-aurora-university-aurora,school_homepage,new_vs_265
US00054,usa,University Of Texas Austin,https://collegedunia.com/usa/university/952-university-of-texas-austin,school_homepage,base_265
US00055,usa,Saint Edwards University Austin,https://collegedunia.com/usa/university/953-saint-edwards-university-austin,school_homepage,new_vs_265
US00056,usa,Azusa Pacific University Azusa,https://collegedunia.com/usa/university/954-azusa-pacific-university-azusa,school_homepage,new_vs_265
US00057,usa,Webber International University Babson Park,https://collegedunia.com/usa/university/955-webber-international-university-babson-park,school_homepage,usa_master_923_backfill
US00058,usa,California State University Bakersfield,https://collegedunia.com/usa/university/956-california-state-university-bakersfield,school_homepage,new_vs_265
US00059,usa,Baker University Baldwin City,https://collegedunia.com/usa/university/957-baker-university-baldwin-city,school_homepage,usa_master_923_backfill
US00060,usa,Johns Hopkins University Baltimore,https://collegedunia.com/usa/university/958-johns-hopkins-university-baltimore,school_homepage,new_vs_265
US00061,usa,University Of Maryland Baltimore,https://collegedunia.com/usa/university/959-university-of-maryland-baltimore,school_homepage,new_vs_265
US00062,usa,Loyola University Maryland Baltimore,https://collegedunia.com/usa/college/960-loyola-university-maryland-baltimore,school_homepage,usa_master_923_backfill
US00063,usa,Morgan State University Baltimore,https://collegedunia.com/usa/university/961-morgan-state-university-baltimore,school_homepage,new_vs_265
US00064,usa,University Of Maryland Baltimore County Baltimore,https://collegedunia.com/usa/university/967-university-of-maryland-baltimore-county-baltimore,school_homepage,new_vs_265
US00065,usa,Husson University Bangor,https://collegedunia.com/usa/university/968-husson-university-bangor,school_homepage,usa_master_923_backfill
US00066,usa,Louisiana State University Baton Rouge,https://collegedunia.com/usa/university/970-louisiana-state-university-baton-rouge,school_homepage,usa_master_923_backfill
US00067,usa,Lamar University Beaumont,https://collegedunia.com/usa/university/972-lamar-university-beaumont,school_homepage,new_vs_265
US00068,usa,Bellevue University Bellevue,https://collegedunia.com/usa/university/974-bellevue-university-bellevue,school_homepage,usa_master_923_backfill
US00069,usa,Bellevue College Bellevue,https://collegedunia.com/usa/college/975-bellevue-college-bellevue,school_homepage,new_vs_265
US00070,usa,Western Washington University Bellingham,https://collegedunia.com/usa/university/976-western-washington-university-bellingham,school_homepage,usa_master_923_backfill
US00071,usa,Beloit College Beloit,https://collegedunia.com/usa/college/977-beloit-college-beloit,school_homepage,new_vs_265
US00072,usa,University Of Mary Hardin Baylor Belton,https://collegedunia.com/usa/university/978-university-of-mary-hardin-baylor-belton,school_homepage,usa_master_923_backfill
US00073,usa,Bemidji State University Bemidji,https://collegedunia.com/usa/university/979-bemidji-state-university-bemidji,school_homepage,usa_master_923_backfill
US00074,usa,Baldwin Wallace University Berea,https://collegedunia.com/usa/university/980-baldwin-wallace-university-berea,school_homepage,usa_master_923_backfill
US00075,usa,Berea College Berea,https://collegedunia.com/usa/college/981-berea-college-berea,school_homepage,usa_master_923_backfill
US00076,usa,University Of California Berkeley,https://collegedunia.com/usa/university/982-university-of-california-berkeley,school_homepage,base_265
US00077,usa,Andrews University Berrien Springs,https://collegedunia.com/usa/university/988-andrews-university-berrien-springs,school_homepage,new_vs_265
US00078,usa,Southern Nazarene University Bethany,https://collegedunia.com/usa/college/989-southern-nazarene-university-bethany,school_homepage,usa_master_923_backfill
US00079,usa,Lehigh University Bethlehem,https://collegedunia.com/usa/university/993-lehigh-university-bethlehem,school_homepage,new_vs_265
US00080,usa,Moravian College Bethlehem,https://collegedunia.com/usa/college/994-moravian-college-bethlehem,school_homepage,new_vs_265
US00081,usa,Endicott College Beverly,https://collegedunia.com/usa/college/996-endicott-college-beverly,school_homepage,new_vs_265
US00082,usa,Ferris State University Big Rapids,https://collegedunia.com/usa/university/999-ferris-state-university-big-rapids,school_homepage,new_vs_265
US00083,usa,Montana State University Billings,https://collegedunia.com/usa/college/1000-montana-state-university-billings,school_homepage,usa_master_923_backfill
US00084,usa,Binghamton University Binghamton,https://collegedunia.com/usa/university/1001-binghamton-university-binghamton,school_homepage,usa_master_923_backfill
US00085,usa,University Of Alabama Birmingham,https://collegedunia.com/usa/university/1002-university-of-alabama-birmingham,school_homepage,usa_master_923_backfill
US00086,usa,Samford University Birmingham,https://collegedunia.com/usa/university/1004-samford-university-birmingham,school_homepage,usa_master_923_backfill
US00087,usa,Virginia Tech Blacksburg,https://collegedunia.com/usa/university/1006-virginia-tech-blacksburg,school_homepage,new_vs_265
US00088,usa,Indiana University Bloomington,https://collegedunia.com/usa/university/1008-indiana-university-bloomington,school_homepage,new_vs_265
US00089,usa,Illinois Wesleyan University Bloomington,https://collegedunia.com/usa/college/1010-illinois-wesleyan-university-bloomington,school_homepage,new_vs_265
US00090,usa,Bloomsburg University Of Pennsylvania Bloomsburg,https://collegedunia.com/usa/university/1011-bloomsburg-university-of-pennsylvania-bloomsburg,school_homepage,new_vs_265
US00091,usa,Bluffton University Bluffton,https://collegedunia.com/usa/university/1014-bluffton-university-bluffton,school_homepage,usa_master_923_backfill
US00092,usa,Florida Atlantic University Boca Raton,https://collegedunia.com/usa/university/1015-florida-atlantic-university-boca-raton,school_homepage,usa_master_923_backfill
US00093,usa,Lynn University Boca Raton,https://collegedunia.com/usa/university/1016-lynn-university-boca-raton,school_homepage,usa_master_923_backfill
US00094,usa,Boise State University Boise,https://collegedunia.com/usa/university/1017-boise-state-university-boise,school_homepage,usa_master_923_backfill
US00095,usa,Appalachian State University Boone,https://collegedunia.com/usa/university/1018-appalachian-state-university-boone,school_homepage,usa_master_923_backfill
US00096,usa,Boston University Boston,https://collegedunia.com/usa/university/1019-boston-university-boston,school_homepage,new_vs_265
US00097,usa,Northeastern University Boston,https://collegedunia.com/usa/university/1020-northeastern-university-boston,school_homepage,base_265
US00098,usa,Suffolk University Boston,https://collegedunia.com/usa/university/1021-suffolk-university-boston,school_homepage,new_vs_265
US00099,usa,University Of Massachusetts Boston,https://collegedunia.com/usa/university/1024-university-of-massachusetts-boston,school_homepage,new_vs_265
US00100,usa,Simmons University Boston,https://collegedunia.com/usa/university/1025-simmons-university-boston,school_homepage,usa_master_923_backfill
US00101,usa,Emerson College Boston,https://collegedunia.com/usa/college/1028-emerson-college-boston,school_homepage,usa_master_923_backfill
US00102,usa,Wheelock College Of Education Human Development Boston,https://collegedunia.com/usa/college/1029-wheelock-college-of-education--human-development-boston,school_homepage,usa_master_923_backfill
US00103,usa,Boston Architectural College Boston,https://collegedunia.com/usa/college/1030-boston-architectural-college-boston,school_homepage,usa_master_923_backfill
US00104,usa,Fisher College Boston,https://collegedunia.com/usa/college/1031-fisher-college-boston,school_homepage,usa_master_923_backfill
US00105,usa,Cambridge College Boston,https://collegedunia.com/usa/college/1032-cambridge-college-boston,school_homepage,usa_master_923_backfill
US00106,usa,Wentworth Institute Of Technology Boston,https://collegedunia.com/usa/university/1033-wentworth-institute-of-technology-boston,school_homepage,usa_master_923_backfill
US00107,usa,University Of Washington Bothell,https://collegedunia.com/usa/university/1042-university-of-washington-bothell,school_homepage,new_vs_265
US00108,usa,University Of Colorado Boulder,https://collegedunia.com/usa/university/1043-university-of-colorado-boulder,school_homepage,new_vs_265
US00109,usa,Massachusetts Maritime Academy Buzzards Bay,https://collegedunia.com/usa/college/1045-massachusetts-maritime-academy-buzzards-bay,school_homepage,usa_master_923_backfill
US00110,usa,Bowie State University Bowie,https://collegedunia.com/usa/university/1046-bowie-state-university-bowie,school_homepage,new_vs_265
US00111,usa,Western Kentucky University Bowling Green,https://collegedunia.com/usa/university/1047-western-kentucky-university-bowling-green,school_homepage,usa_master_923_backfill
US00112,usa,Bowling Green State University Bowling Green,https://collegedunia.com/usa/university/1048-bowling-green-state-university-bowling-green,school_homepage,usa_master_923_backfill
US00113,usa,University Of Bridgeport Bridgeport,https://collegedunia.com/usa/university/1051-university-of-bridgeport-bridgeport,school_homepage,new_vs_265
US00114,usa,Bridgewater State University Bridgewater,https://collegedunia.com/usa/university/1052-bridgewater-state-university-bridgewater,school_homepage,new_vs_265
US00115,usa,Boston College Chestnut Hill,https://collegedunia.com/usa/college/1054-boston-college-chestnut-hill,school_homepage,new_vs_265
US00116,usa,Roger Williams University Bristol,https://collegedunia.com/usa/university/1055-roger-williams-university-bristol,school_homepage,new_vs_265
US00117,usa,Fordham University Bronx,https://collegedunia.com/usa/university/1057-fordham-university-bronx,school_homepage,new_vs_265
US00118,usa,Monroe College Bronx,https://collegedunia.com/usa/college/1058-monroe-college-bronx,school_homepage,usa_master_923_backfill
US00119,usa,Sarah Lawrence College Bronxville,https://collegedunia.com/usa/college/1059-sarah-lawrence-college-bronxville,school_homepage,usa_master_923_backfill
US00120,usa,South Dakota State University Brookings,https://collegedunia.com/usa/university/1060-south-dakota-state-university-brookings,school_homepage,usa_master_923_backfill
US00121,usa,Pratt Institute Brooklyn,https://collegedunia.com/usa/university/1064-pratt-institute-brooklyn,school_homepage,usa_master_923_backfill
US00122,usa,New York City College Of Technology Brooklyn,https://collegedunia.com/usa/college/1066-new-york-city-college-of-technology-brooklyn,school_homepage,usa_master_923_backfill
US00123,usa,Long Island University Brooklyn,https://collegedunia.com/usa/university/1067-long-island-university-brooklyn,school_homepage,usa_master_923_backfill
US00124,usa,Long Island University Post Greenvale,https://collegedunia.com/usa/college/1068-long-island-university-post-greenvale,school_homepage,usa_master_923_backfill
US00125,usa,University Of Texas Rio Grande Valley Edinburg,https://collegedunia.com/usa/university/1069-university-of-texas---rio-grande-valley-edinburg,school_homepage,usa_master_923_backfill
US00126,usa,Bowdoin College Brunswick,https://collegedunia.com/usa/college/1070-bowdoin-college-brunswick,school_homepage,usa_master_923_backfill
US00127,usa,Bryn Mawr College Bryn Mawr,https://collegedunia.com/usa/college/1072-bryn-mawr-college-bryn-mawr,school_homepage,usa_master_923_backfill
US00128,usa,Southern Virginia University Buena Vista,https://collegedunia.com/usa/college/1073-southern-virginia-university-buena-vista,school_homepage,usa_master_923_backfill
US00129,usa,Buffalo State Buffalo,https://collegedunia.com/usa/college/1074-buffalo-state-buffalo,school_homepage,new_vs_265
US00130,usa,Niagara University Niagara University,https://collegedunia.com/usa/university/1076-niagara-university-niagara-university,school_homepage,usa_master_923_backfill
US00131,usa,Dyouville College Buffalo,https://collegedunia.com/usa/college/1077-dyouville-college-buffalo,school_homepage,usa_master_923_backfill
US00132,usa,University At Buffalo Buffalo,https://collegedunia.com/usa/university/1078-university-at-buffalo-buffalo,school_homepage,new_vs_265
US00133,usa,Campbell University Buies Creek,https://collegedunia.com/usa/university/1079-campbell-university-buies-creek,school_homepage,usa_master_923_backfill
US00134,usa,University Of Vermont Burlington,https://collegedunia.com/usa/university/1081-university-of-vermont-burlington,school_homepage,usa_master_923_backfill
US00135,usa,Champlain College Burlington,https://collegedunia.com/usa/college/1082-champlain-college-burlington,school_homepage,usa_master_923_backfill
US00136,usa,Slippery Rock University Slippery Rock,https://collegedunia.com/usa/university/1083-slippery-rock-university-slippery-rock,school_homepage,usa_master_923_backfill
US00137,usa,Montana Tech Butte,https://collegedunia.com/usa/university/1084-montana-tech-butte,school_homepage,usa_master_923_backfill
US00138,usa,California University Of Pennsylvania California,https://collegedunia.com/usa/university/1085-california-university-of-pennsylvania-california,school_homepage,usa_master_923_backfill
US00139,usa,California State University Channel Islands Camarillo,https://collegedunia.com/usa/university/1086-california-state-university---channel-islands-camarillo,school_homepage,usa_master_923_backfill
US00140,usa,Massachusetts Institute Of Technology Cambridge,https://collegedunia.com/usa/university/1087-massachusetts-institute-of-technology-cambridge,school_homepage,new_vs_265
US00141,usa,Hult International Business School Cambridge,https://collegedunia.com/usa/college/1088-hult-international-business-school-cambridge,school_homepage,usa_master_923_backfill
US00142,usa,Harvard University Cambridge,https://collegedunia.com/usa/university/1090-harvard-university-cambridge,school_homepage,new_vs_265
US00143,usa,Lesley University Cambridge,https://collegedunia.com/usa/university/1091-lesley-university-cambridge,school_homepage,usa_master_923_backfill
US00144,usa,St Lawrence University Canton,https://collegedunia.com/usa/college/1094-st-lawrence-university-canton,school_homepage,usa_master_923_backfill
US00145,usa,Southeast Missouri State University Cape Girardeau,https://collegedunia.com/usa/university/1095-southeast-missouri-state-university-cape-girardeau,school_homepage,usa_master_923_backfill
US00146,usa,Southern Illinois University Carbondale,https://collegedunia.com/usa/university/1096-southern-illinois-university-carbondale,school_homepage,new_vs_265
US00147,usa,Dickinson College Carlisle,https://collegedunia.com/usa/college/1097-dickinson-college-carlisle,school_homepage,usa_master_923_backfill
US00148,usa,University Of West Georgia Carrollton,https://collegedunia.com/usa/university/1098-university-of-west-georgia-carrollton,school_homepage,usa_master_923_backfill
US00149,usa,Castleton University Castleton,https://collegedunia.com/usa/college/1099-castleton-university-castleton,school_homepage,usa_master_923_backfill
US00150,usa,Southern Utah University Cedar City,https://collegedunia.com/usa/university/1100-southern-utah-university-cedar-city,school_homepage,usa_master_923_backfill
US00151,usa,University Of Northern Iowa Cedar Falls,https://collegedunia.com/usa/university/1101-university-of-northern-iowa-cedar-falls,school_homepage,usa_master_923_backfill
US00152,usa,Coe College Cedar Rapids,https://collegedunia.com/usa/college/1103-coe-college-cedar-rapids,school_homepage,usa_master_923_backfill
US00153,usa,Cedarville University Cedarville,https://collegedunia.com/usa/university/1104-cedarville-university-cedarville,school_homepage,usa_master_923_backfill
US00154,usa,University Of North Carolina Chapel Hill,https://collegedunia.com/usa/university/1108-university-of-north-carolina-chapel-hill,school_homepage,new_vs_265
US00155,usa,American Public University Charles Town,https://collegedunia.com/usa/university/1109-american-public-university-charles-town,school_homepage,usa_master_923_backfill
US00156,usa,The Medical University Of South Carolina Charleston,https://collegedunia.com/usa/college/1110-the-medical-university-of-south-carolina-charleston,school_homepage,usa_master_923_backfill
US00157,usa,Eastern Illinois University Charleston,https://collegedunia.com/usa/university/1111-eastern-illinois-university-charleston,school_homepage,usa_master_923_backfill
US00158,usa,College Of Charleston Charleston,https://collegedunia.com/usa/college/1112-college-of-charleston-charleston,school_homepage,usa_master_923_backfill
US00159,usa,University Of Charleston Charleston,https://collegedunia.com/usa/university/1114-university-of-charleston-charleston,school_homepage,usa_master_923_backfill
US00160,usa,University Of North Carolina Charlotte,https://collegedunia.com/usa/university/1115-university-of-north-carolina-charlotte,school_homepage,usa_master_923_backfill
US00161,usa,University Of Wisconsin Whitewater,https://collegedunia.com/usa/university/1116-university-of-wisconsin-whitewater,school_homepage,new_vs_265
US00162,usa,Queens University Of Charlotte Charlotte,https://collegedunia.com/usa/university/1117-queens-university-of-charlotte-charlotte,school_homepage,usa_master_923_backfill
US00163,usa,University Of Virginia Charlottesville,https://collegedunia.com/usa/university/1118-university-of-virginia-charlottesville,school_homepage,new_vs_265
US00164,usa,Eastern Washington University Cheney,https://collegedunia.com/usa/university/1120-eastern-washington-university-cheney,school_homepage,usa_master_923_backfill
US00165,usa,Widener University Chester,https://collegedunia.com/usa/university/1121-widener-university-chester,school_homepage,usa_master_923_backfill
US00166,usa,Washington College Chestertown,https://collegedunia.com/usa/college/1125-washington-college-chestertown,school_homepage,new_vs_265
US00167,usa,Loyola University Chicago,https://collegedunia.com/usa/university/1127-loyola-university-chicago,school_homepage,new_vs_265
US00168,usa,Saint Xavier University Chicago,https://collegedunia.com/usa/university/1128-saint-xavier-university-chicago,school_homepage,usa_master_923_backfill
US00169,usa,The University Of Chicago Chicago,https://collegedunia.com/usa/college/1129-the-university-of-chicago-chicago,school_homepage,new_vs_265
US00170,usa,Illinois Institute Of Technology Chicago,https://collegedunia.com/usa/university/1130-illinois-institute-of-technology-chicago,school_homepage,new_vs_265
US00171,usa,University Of Illinois Chicago,https://collegedunia.com/usa/university/1131-university-of-illinois-chicago,school_homepage,base_265
US00172,usa,Roosevelt University Chicago,https://collegedunia.com/usa/university/1132-roosevelt-university-chicago,school_homepage,usa_master_923_backfill
US00173,usa,Rush University Chicago,https://collegedunia.com/usa/university/1133-rush-university-chicago,school_homepage,usa_master_923_backfill
US00174,usa,Depaul University Chicago,https://collegedunia.com/usa/university/1134-depaul-university-chicago,school_homepage,new_vs_265
US00175,usa,Northeastern Illinois University Chicago,https://collegedunia.com/usa/university/1135-northeastern-illinois-university-chicago,school_homepage,usa_master_923_backfill
US00176,usa,Columbia College Chicago Chicago,https://collegedunia.com/usa/college/1137-columbia-college-chicago-chicago,school_homepage,usa_master_923_backfill
US00177,usa,Chicago State University Chicago,https://collegedunia.com/usa/university/1138-chicago-state-university-chicago,school_homepage,usa_master_923_backfill
US00178,usa,North Park University Chicago,https://collegedunia.com/usa/university/1140-north-park-university-chicago,school_homepage,usa_master_923_backfill
US00179,usa,Robert Morris University Illinois Chicago,https://collegedunia.com/usa/university/1147-robert-morris-university---illinois-chicago,school_homepage,usa_master_923_backfill
US00180,usa,California State University Chico,https://collegedunia.com/usa/university/1149-california-state-university-chico,school_homepage,usa_master_923_backfill
US00181,usa,University Of Cincinnati Cincinnati,https://collegedunia.com/usa/university/1151-university-of-cincinnati-cincinnati,school_homepage,new_vs_265
US00182,usa,Xavier University Cincinnati,https://collegedunia.com/usa/university/1152-xavier-university-cincinnati,school_homepage,usa_master_923_backfill
US00183,usa,Claremont Mckenna College Claremont,https://collegedunia.com/usa/college/1158-claremont-mckenna-college-claremont,school_homepage,usa_master_923_backfill
US00184,usa,Harvey Mudd College Claremont,https://collegedunia.com/usa/college/1159-harvey-mudd-college-claremont,school_homepage,usa_master_923_backfill
US00185,usa,Pitzer College Claremont,https://collegedunia.com/usa/college/1160-pitzer-college-claremont,school_homepage,usa_master_923_backfill
US00186,usa,Pomona College Claremont,https://collegedunia.com/usa/college/1161-pomona-college-claremont,school_homepage,usa_master_923_backfill
US00187,usa,Clarion University Of Pennsylvania Clarion,https://collegedunia.com/usa/university/1163-clarion-university-of-pennsylvania-clarion,school_homepage,usa_master_923_backfill
US00188,usa,Austin Peay State University Clarksville,https://collegedunia.com/usa/university/1165-austin-peay-state-university-clarksville,school_homepage,usa_master_923_backfill
US00189,usa,Clemson University Clemson,https://collegedunia.com/usa/university/1166-clemson-university-clemson,school_homepage,new_vs_265
US00190,usa,Case Western Reserve University Cleveland,https://collegedunia.com/usa/university/1167-case-western-reserve-university-cleveland,school_homepage,usa_master_923_backfill
US00191,usa,Cleveland State University Cleveland,https://collegedunia.com/usa/university/1168-cleveland-state-university-cleveland,school_homepage,new_vs_265
US00192,usa,Delta State University Cleveland,https://collegedunia.com/usa/university/1169-delta-state-university-cleveland,school_homepage,usa_master_923_backfill
US00193,usa,Lee University Cleveland,https://collegedunia.com/usa/university/1171-lee-university-cleveland,school_homepage,usa_master_923_backfill
US00194,usa,Mississippi College Clinton,https://collegedunia.com/usa/college/1173-mississippi-college-clinton,school_homepage,usa_master_923_backfill
US00195,usa,Hamilton College Clinton,https://collegedunia.com/usa/college/1174-hamilton-college-clinton,school_homepage,usa_master_923_backfill
US00196,usa,University Of Maryland College Park,https://collegedunia.com/usa/university/1177-university-of-maryland-college-park,school_homepage,new_vs_265
US00197,usa,Texas Aandm University College Station,https://collegedunia.com/usa/university/1178-texas-aandm-university-college-station,school_homepage,new_vs_265
US00198,usa,Colorado Technical University Colorado Springs,https://collegedunia.com/usa/university/1180-colorado-technical-university-colorado-springs,school_homepage,usa_master_923_backfill
US00199,usa,Colorado College Colorado Springs,https://collegedunia.com/usa/college/1181-colorado-college-colorado-springs,school_homepage,usa_master_923_backfill
US00200,usa,University Of Colorado Colorado Springs,https://collegedunia.com/usa/university/1182-university-of-colorado-colorado-springs,school_homepage,usa_master_923_backfill
US00201,usa,University Of South Carolina Columbia,https://collegedunia.com/usa/college/1183-university-of-south-carolina-columbia,school_homepage,new_vs_265
US00202,usa,University Of Missouri Columbia,https://collegedunia.com/usa/university/1184-university-of-missouri-columbia,school_homepage,new_vs_265
US00203,usa,Columbia International University Columbia,https://collegedunia.com/usa/university/1185-columbia-international-university-columbia,school_homepage,usa_master_923_backfill
US00204,usa,Ohio State University Columbus,https://collegedunia.com/usa/university/1187-ohio-state-university-columbus,school_homepage,base_265
US00205,usa,Capital University Columbus,https://collegedunia.com/usa/university/1188-capital-university-columbus,school_homepage,usa_master_923_backfill
US00206,usa,Columbus State University Columbus,https://collegedunia.com/usa/university/1189-columbus-state-university-columbus,school_homepage,usa_master_923_backfill
US00207,usa,Ohio Dominican University Columbus,https://collegedunia.com/usa/university/1191-ohio-dominican-university-columbus,school_homepage,usa_master_923_backfill
US00208,usa,Franklin University Columbus,https://collegedunia.com/usa/university/1193-franklin-university-columbus,school_homepage,usa_master_923_backfill
US00209,usa,Texas Am University Commerce,https://collegedunia.com/usa/university/1194-texas-am-university-commerce,school_homepage,usa_master_923_backfill
US00210,usa,University Of New Hampshire Durham,https://collegedunia.com/usa/university/1195-university-of-new-hampshire-durham,school_homepage,new_vs_265
US00211,usa,University Of Central Arkansas Conway,https://collegedunia.com/usa/university/1198-university-of-central-arkansas-conway,school_homepage,usa_master_923_backfill
US00212,usa,Tennessee Technological University Cookeville,https://collegedunia.com/usa/university/1199-tennessee-technological-university-cookeville,school_homepage,usa_master_923_backfill
US00213,usa,University Of Miami Coral Gables,https://collegedunia.com/usa/university/1200-university-of-miami-coral-gables,school_homepage,new_vs_265
US00214,usa,Texas Am University Corpus Christi,https://collegedunia.com/usa/university/1203-texas-am-university-corpus-christi,school_homepage,usa_master_923_backfill
US00215,usa,Oregon State University Corvallis,https://collegedunia.com/usa/university/1205-oregon-state-university-corvallis,school_homepage,new_vs_265
US00216,usa,Western Carolina University Cullowhee,https://collegedunia.com/usa/university/1211-western-carolina-university-cullowhee,school_homepage,usa_master_923_backfill
US00217,usa,University Of North Georgia Dahlonega,https://collegedunia.com/usa/university/1213-university-of-north-georgia-dahlonega,school_homepage,usa_master_923_backfill
US00218,usa,Southern Methodist University Dallas,https://collegedunia.com/usa/university/1215-southern-methodist-university-dallas,school_homepage,usa_master_923_backfill
US00219,usa,Dallas Baptist University Dallas,https://collegedunia.com/usa/university/1216-dallas-baptist-university-dallas,school_homepage,usa_master_923_backfill
US00220,usa,Western Connecticut State University Danbury,https://collegedunia.com/usa/university/1218-western-connecticut-state-university-danbury,school_homepage,usa_master_923_backfill
US00221,usa,Centre College Danville,https://collegedunia.com/usa/college/1219-centre-college-danville,school_homepage,usa_master_923_backfill
US00222,usa,Saint Ambrose University Davenport,https://collegedunia.com/usa/university/1220-saint-ambrose-university-davenport,school_homepage,usa_master_923_backfill
US00223,usa,University Of California Davis,https://collegedunia.com/usa/university/1222-university-of-california-davis,school_homepage,new_vs_265
US00224,usa,Wright State University Dayton,https://collegedunia.com/usa/university/1223-wright-state-university-dayton,school_homepage,usa_master_923_backfill
US00225,usa,University Of Dayton Dayton,https://collegedunia.com/usa/university/1224-university-of-dayton-dayton,school_homepage,new_vs_265
US00226,usa,Embry Riddle Aeronautical University Daytona Beach,https://collegedunia.com/usa/university/1226-embry-riddle-aeronautical-university-daytona-beach,school_homepage,usa_master_923_backfill
US00227,usa,University Of Michigan Dearborn,https://collegedunia.com/usa/university/1228-university-of-michigan-dearborn,school_homepage,new_vs_265
US00228,usa,Trinity International University Deerfield,https://collegedunia.com/usa/university/1233-trinity-international-university-deerfield,school_homepage,usa_master_923_backfill
US00229,usa,Northern Illinois University Dekalb,https://collegedunia.com/usa/university/1235-northern-illinois-university-dekalb,school_homepage,usa_master_923_backfill
US00230,usa,Stetson University Deland,https://collegedunia.com/usa/university/1236-stetson-university-deland,school_homepage,usa_master_923_backfill
US00231,usa,Ohio Wesleyan University Delaware,https://collegedunia.com/usa/university/1237-ohio-wesleyan-university-delaware,school_homepage,usa_master_923_backfill
US00232,usa,University Of North Texas Denton,https://collegedunia.com/usa/university/1238-university-of-north-texas-denton,school_homepage,new_vs_265
US00233,usa,Texas Womans University Denton,https://collegedunia.com/usa/university/1239-texas-womans-university-denton,school_homepage,usa_master_923_backfill
US00234,usa,University Of Colorado Denver,https://collegedunia.com/usa/university/1240-university-of-colorado-denver,school_homepage,usa_master_923_backfill
US00235,usa,University Of Denver Denver,https://collegedunia.com/usa/university/1241-university-of-denver-denver,school_homepage,usa_master_923_backfill
US00236,usa,Metropolitan State University Denver,https://collegedunia.com/usa/university/1243-metropolitan-state-university-denver,school_homepage,usa_master_923_backfill
US00237,usa,Regis University Denver,https://collegedunia.com/usa/university/1244-regis-university-denver,school_homepage,usa_master_923_backfill
US00238,usa,Drake University Des Moines,https://collegedunia.com/usa/university/1246-drake-university-des-moines,school_homepage,usa_master_923_backfill
US00239,usa,Wayne State University Detroit,https://collegedunia.com/usa/university/1247-wayne-state-university-detroit,school_homepage,usa_master_923_backfill
US00240,usa,University Of Detroit Mercy Detroit,https://collegedunia.com/usa/university/1248-university-of-detroit-mercy-detroit,school_homepage,usa_master_923_backfill
US00241,usa,Millennia Atlantic University Doral,https://collegedunia.com/usa/university/1252-millennia-atlantic-university-doral,school_homepage,usa_master_923_backfill
US00242,usa,Delaware State University Dover,https://collegedunia.com/usa/university/1254-delaware-state-university-dover,school_homepage,usa_master_923_backfill
US00243,usa,Devry University Naperville,https://collegedunia.com/usa/university/1255-devry-university-naperville,school_homepage,usa_master_923_backfill
US00244,usa,University Of Dubuque Dubuque,https://collegedunia.com/usa/university/1256-university-of-dubuque-dubuque,school_homepage,usa_master_923_backfill
US00245,usa,Duke University Durham,https://collegedunia.com/usa/university/1259-duke-university-durham,school_homepage,base_265
US00246,usa,North Carolina Central University Durham,https://collegedunia.com/usa/university/1260-north-carolina-central-university-durham,school_homepage,usa_master_923_backfill
US00247,usa,New England Institute Of Technology Warwick,https://collegedunia.com/usa/university/1261-new-england-institute-of-technology-warwick,school_homepage,new_vs_265
US00248,usa,Michigan State University East Lansing,https://collegedunia.com/usa/university/1262-michigan-state-university-east-lansing,school_homepage,new_vs_265
US00249,usa,East Stroudsburg University East Stroudsburg,https://collegedunia.com/usa/university/1263-east-stroudsburg-university-east-stroudsburg,school_homepage,usa_master_923_backfill
US00250,usa,Lafayette College Easton,https://collegedunia.com/usa/college/1264-lafayette-college-easton,school_homepage,usa_master_923_backfill
US00251,usa,University Of Wisconsin Eau Claire,https://collegedunia.com/usa/university/1266-university-of-wisconsin-eau-claire,school_homepage,new_vs_265
US00252,usa,Edinboro University Edinboro,https://collegedunia.com/usa/university/1267-edinboro-university-edinboro,school_homepage,usa_master_923_backfill
US00253,usa,University Of Central Oklahoma Edmond,https://collegedunia.com/usa/university/1268-university-of-central-oklahoma-edmond,school_homepage,usa_master_923_backfill
US00254,usa,Oklahoma Christian University Edmond,https://collegedunia.com/usa/university/1269-oklahoma-christian-university-edmond,school_homepage,usa_master_923_backfill
US00255,usa,University Of Texas El Paso,https://collegedunia.com/usa/university/1272-university-of-texas-el-paso,school_homepage,usa_master_923_backfill
US00256,usa,Elizabethtown College Elizabethtown,https://collegedunia.com/usa/college/1274-elizabethtown-college-elizabethtown,school_homepage,usa_master_923_backfill
US00257,usa,Central Washington University Ellensburg,https://collegedunia.com/usa/university/1277-central-washington-university-ellensburg,school_homepage,new_vs_265
US00258,usa,Elmhurst College Elmhurst,https://collegedunia.com/usa/college/1278-elmhurst-college-elmhurst,school_homepage,usa_master_923_backfill
US00259,usa,Elmira College Elmira,https://collegedunia.com/usa/college/1279-elmira-college-elmira,school_homepage,usa_master_923_backfill
US00260,usa,Emporia State University Emporia,https://collegedunia.com/usa/university/1282-emporia-state-university-emporia,school_homepage,usa_master_923_backfill
US00261,usa,Gannon University Erie,https://collegedunia.com/usa/university/1283-gannon-university-erie,school_homepage,usa_master_923_backfill
US00262,usa,Mercyhurst University Erie,https://collegedunia.com/usa/college/1284-mercyhurst-university-erie,school_homepage,usa_master_923_backfill
US00263,usa,University Of Oregon Eugene,https://collegedunia.com/usa/university/1286-university-of-oregon-eugene,school_homepage,new_vs_265
US00264,usa,Northwestern University Evanston,https://collegedunia.com/usa/college/1287-northwestern-university-evanston,school_homepage,base_265
US00265,usa,University Of Evansville Evansville,https://collegedunia.com/usa/university/1289-university-of-evansville-evansville,school_homepage,new_vs_265
US00266,usa,University Of Southern Indiana Evansville,https://collegedunia.com/usa/university/1290-university-of-southern-indiana-evansville,school_homepage,new_vs_265
US00267,usa,The College Of New Jersey Ewing Township,https://collegedunia.com/usa/university/1291-the-college-of-new-jersey-ewing-township,school_homepage,new_vs_265
US00268,usa,University Of Alaska Fairbanks,https://collegedunia.com/usa/university/1292-university-of-alaska-fairbanks,school_homepage,usa_master_923_backfill
US00269,usa,George Mason University Fairfax,https://collegedunia.com/usa/university/1293-george-mason-university-fairfax,school_homepage,base_265
US00270,usa,Sacred Heart University Fairfield,https://collegedunia.com/usa/university/1296-sacred-heart-university-fairfield,school_homepage,new_vs_265
US00271,usa,Fairfield University Fairfield,https://collegedunia.com/usa/university/1297-fairfield-university-fairfield,school_homepage,new_vs_265
US00272,usa,Maharishi University Of Management Fairfield,https://collegedunia.com/usa/university/1298-maharishi-university-of-management-fairfield,school_homepage,usa_master_923_backfill
US00273,usa,North Dakota State University Fargo,https://collegedunia.com/usa/university/1300-north-dakota-state-university-fargo,school_homepage,usa_master_923_backfill
US00274,usa,Longwood University Farmville,https://collegedunia.com/usa/university/1301-longwood-university-farmville,school_homepage,usa_master_923_backfill
US00275,usa,University Of Arkansas Fayetteville,https://collegedunia.com/usa/university/1302-university-of-arkansas-fayetteville,school_homepage,usa_master_923_backfill
US00276,usa,University Of Findlay Findlay,https://collegedunia.com/usa/university/1304-university-of-findlay-findlay,school_homepage,usa_master_923_backfill
US00277,usa,Fitchburg State University Fitchburg,https://collegedunia.com/usa/university/1305-fitchburg-state-university-fitchburg,school_homepage,usa_master_923_backfill
US00278,usa,Northern Arizona University Flagstaff,https://collegedunia.com/usa/university/1306-northern-arizona-university-flagstaff,school_homepage,new_vs_265
US00279,usa,University Of Michigan Flint,https://collegedunia.com/usa/university/1308-university-of-michigan-flint,school_homepage,new_vs_265
US00280,usa,Kettering University Flint,https://collegedunia.com/usa/university/1309-kettering-university-flint,school_homepage,usa_master_923_backfill
US00281,usa,University Of North Alabama Florence,https://collegedunia.com/usa/university/1310-university-of-north-alabama-florence,school_homepage,usa_master_923_backfill
US00282,usa,Francis Marion University Florence,https://collegedunia.com/usa/university/1311-francis-marion-university-florence,school_homepage,usa_master_923_backfill
US00283,usa,Colorado State University Fort Collins,https://collegedunia.com/usa/university/1312-colorado-state-university-fort-collins,school_homepage,new_vs_265
US00284,usa,Nova Southeastern University Fort Lauderdale,https://collegedunia.com/usa/university/1314-nova-southeastern-university-fort-lauderdale,school_homepage,usa_master_923_backfill
US00285,usa,Florida Gulf Coast University Fort Myers,https://collegedunia.com/usa/university/1315-florida-gulf-coast-university-fort-myers,school_homepage,usa_master_923_backfill
US00286,usa,Indiana University Purdue University Fort Wayne Fort Wayne,https://collegedunia.com/usa/university/1316-indiana-university-purdue-university-fort-wayne-fort-wayne,school_homepage,new_vs_265
US00287,usa,University Of Saint Francis Fort Wayne,https://collegedunia.com/usa/university/1317-university-of-saint-francis-fort-wayne,school_homepage,usa_master_923_backfill
US00288,usa,Indiana Tech Fort Wayne,https://collegedunia.com/usa/university/1319-indiana-tech-fort-wayne,school_homepage,new_vs_265
US00289,usa,Texas Christian University Fort Worth,https://collegedunia.com/usa/university/1320-texas-christian-university-fort-worth,school_homepage,new_vs_265
US00290,usa,Texas Wesleyan University Fort Worth,https://collegedunia.com/usa/university/1322-texas-wesleyan-university-fort-worth,school_homepage,usa_master_923_backfill
US00291,usa,Framingham State University Framingham,https://collegedunia.com/usa/university/1323-framingham-state-university-framingham,school_homepage,usa_master_923_backfill
US00292,usa,Kentucky State University Frankfort,https://collegedunia.com/usa/university/1324-kentucky-state-university-frankfort,school_homepage,usa_master_923_backfill
US00293,usa,Dean College Franklin County,https://collegedunia.com/usa/college/1327-dean-college-franklin-county,school_homepage,usa_master_923_backfill
US00294,usa,Emmanuel College Boston Boston,https://collegedunia.com/usa/college/1329-emmanuel-college-boston-boston,school_homepage,usa_master_923_backfill
US00295,usa,Hood College Frederick,https://collegedunia.com/usa/college/1330-hood-college-frederick,school_homepage,usa_master_923_backfill
US00296,usa,University Of Mary Washington Fredericksburg,https://collegedunia.com/usa/university/1331-university-of-mary-washington-fredericksburg,school_homepage,usa_master_923_backfill
US00297,usa,State University Of New York Fredonia Fredonia,https://collegedunia.com/usa/university/1332-state-university-of-new-york-fredonia-fredonia,school_homepage,usa_master_923_backfill
US00298,usa,California State University Fresno,https://collegedunia.com/usa/university/1334-california-state-university-fresno,school_homepage,usa_master_923_backfill
US00299,usa,Fresno Pacific University Fresno,https://collegedunia.com/usa/university/1335-fresno-pacific-university-fresno,school_homepage,usa_master_923_backfill
US00300,usa,Frostburg State University Frostburg,https://collegedunia.com/usa/university/1336-frostburg-state-university-frostburg,school_homepage,usa_master_923_backfill
US00301,usa,California State University Fullerton Fullerton,https://collegedunia.com/usa/university/1337-california-state-university-fullerton-fullerton,school_homepage,new_vs_265
US00302,usa,University Of Florida Gainesville,https://collegedunia.com/usa/university/1339-university-of-florida-gainesville,school_homepage,new_vs_265
US00303,usa,Knox College Galesburg,https://collegedunia.com/usa/college/1340-knox-college-galesburg,school_homepage,usa_master_923_backfill
US00304,usa,Stockton University Galloway,https://collegedunia.com/usa/university/1341-stockton-university-galloway,school_homepage,new_vs_265
US00305,usa,Texas Am University Galveston,https://collegedunia.com/usa/university/1343-texas-am-university-galveston,school_homepage,usa_master_923_backfill
US00306,usa,Adelphi University Garden City,https://collegedunia.com/usa/university/1345-adelphi-university-garden-city,school_homepage,new_vs_265
US00307,usa,Indiana University Northwest Gary,https://collegedunia.com/usa/university/1346-indiana-university-northwest-gary,school_homepage,usa_master_923_backfill
US00308,usa,State University Of New York At Geneseo Geneseo,https://collegedunia.com/usa/university/1347-state-university-of-new-york-at-geneseo-geneseo,school_homepage,usa_master_923_backfill
US00309,usa,Southwestern University Georgetown,https://collegedunia.com/usa/university/1349-southwestern-university-georgetown,school_homepage,usa_master_923_backfill
US00310,usa,Gettysburg College Gettysburg,https://collegedunia.com/usa/college/1350-gettysburg-college-gettysburg,school_homepage,usa_master_923_backfill
US00311,usa,Rowan University Glassboro,https://collegedunia.com/usa/university/1351-rowan-university-glassboro,school_homepage,new_vs_265
US00312,usa,College Of Dupage Glen Ellyn,https://collegedunia.com/usa/college/1352-college-of-dupage-glen-ellyn,school_homepage,usa_master_923_backfill
US00313,usa,Arcadia University Glenside,https://collegedunia.com/usa/university/1354-arcadia-university-glenside,school_homepage,usa_master_923_backfill
US00314,usa,Colorado School Of Mines Golden,https://collegedunia.com/usa/university/1357-colorado-school-of-mines-golden,school_homepage,new_vs_265
US00315,usa,University Of North Dakota Grand Forks,https://collegedunia.com/usa/university/1359-university-of-north-dakota-grand-forks,school_homepage,usa_master_923_backfill
US00316,usa,Colorado Mesa University Grand Junction,https://collegedunia.com/usa/university/1360-colorado-mesa-university-grand-junction,school_homepage,usa_master_923_backfill
US00317,usa,Calvin College Grand Rapids,https://collegedunia.com/usa/college/1361-calvin-college-grand-rapids,school_homepage,usa_master_923_backfill
US00318,usa,Davenport University Grand Rapids,https://collegedunia.com/usa/university/1363-davenport-university-grand-rapids,school_homepage,usa_master_923_backfill
US00319,usa,Denison University Granville,https://collegedunia.com/usa/college/1365-denison-university-granville,school_homepage,usa_master_923_backfill
US00320,usa,Bard College At Simons Rock Great Barrington,https://collegedunia.com/usa/college/1366-bard-college-at-simons-rock-great-barrington,school_homepage,usa_master_923_backfill
US00321,usa,Montana State University Great Falls,https://collegedunia.com/usa/college/1367-montana-state-university-great-falls,school_homepage,usa_master_923_backfill
US00322,usa,University Of Northern Colorado Greeley,https://collegedunia.com/usa/university/1368-university-of-northern-colorado-greeley,school_homepage,usa_master_923_backfill
US00323,usa,University Of Wisconsin Green Bay,https://collegedunia.com/usa/university/1369-university-of-wisconsin-green-bay,school_homepage,new_vs_265
US00324,usa,Depauw University Greencastle,https://collegedunia.com/usa/university/1370-depauw-university-greencastle,school_homepage,usa_master_923_backfill
US00325,usa,University Of North Carolina Greensboro,https://collegedunia.com/usa/university/1371-university-of-north-carolina-greensboro,school_homepage,usa_master_923_backfill
US00326,usa,Seton Hill University Greensburg,https://collegedunia.com/usa/university/1374-seton-hill-university-greensburg,school_homepage,usa_master_923_backfill
US00327,usa,Furman University Greenville,https://collegedunia.com/usa/university/1375-furman-university-greenville,school_homepage,usa_master_923_backfill
US00328,usa,Bob Jones University Greenville,https://collegedunia.com/usa/university/1376-bob-jones-university-greenville,school_homepage,usa_master_923_backfill
US00329,usa,East Carolina University Greenville,https://collegedunia.com/usa/university/1378-east-carolina-university-greenville,school_homepage,usa_master_923_backfill
US00330,usa,Grinnell College Grinnell,https://collegedunia.com/usa/college/1381-grinnell-college-grinnell,school_homepage,usa_master_923_backfill
US00331,usa,Pacific University Forest Grove,https://collegedunia.com/usa/university/1382-pacific-university-forest-grove,school_homepage,usa_master_923_backfill
US00332,usa,Quinnipiac University Hamden,https://collegedunia.com/usa/university/1385-quinnipiac-university-hamden,school_homepage,new_vs_265
US00333,usa,Colgate University Hamilton,https://collegedunia.com/usa/college/1386-colgate-university-hamilton,school_homepage,usa_master_923_backfill
US00334,usa,Southeastern Louisiana University Hammond,https://collegedunia.com/usa/university/1387-southeastern-louisiana-university-hammond,school_homepage,usa_master_923_backfill
US00335,usa,Purdue University Northwest Hammond,https://collegedunia.com/usa/university/1388-purdue-university-northwest-hammond,school_homepage,new_vs_265
US00336,usa,Hampton University Hampton,https://collegedunia.com/usa/university/1390-hampton-university-hampton,school_homepage,usa_master_923_backfill
US00337,usa,Dartmouth College Hanover,https://collegedunia.com/usa/college/1391-dartmouth-college-hanover,school_homepage,base_265
US00338,usa,Hanover College Hanover,https://collegedunia.com/usa/college/1392-hanover-college-hanover,school_homepage,usa_master_923_backfill
US00339,usa,James Madison University Harrisonburg,https://collegedunia.com/usa/university/1394-james-madison-university-harrisonburg,school_homepage,usa_master_923_backfill
US00340,usa,Lincoln Memorial University Harrogate,https://collegedunia.com/usa/university/1396-lincoln-memorial-university-harrogate,school_homepage,usa_master_923_backfill
US00341,usa,University Of Hartford West Hartford,https://collegedunia.com/usa/university/1397-university-of-hartford-west-hartford,school_homepage,usa_master_923_backfill
US00342,usa,Hastings College Hastings,https://collegedunia.com/usa/college/1399-hastings-college-hastings,school_homepage,usa_master_923_backfill
US00343,usa,University Of Southern Mississippi Hattiesburg,https://collegedunia.com/usa/university/1401-university-of-southern-mississippi-hattiesburg,school_homepage,usa_master_923_backfill
US00344,usa,Haverford College Haverford,https://collegedunia.com/usa/college/1402-haverford-college-haverford,school_homepage,usa_master_923_backfill
US00345,usa,Montana State University Northern Havre,https://collegedunia.com/usa/college/1404-montana-state-university---northern-havre,school_homepage,usa_master_923_backfill
US00346,usa,Fort Hays State University Hays,https://collegedunia.com/usa/university/1405-fort-hays-state-university-hays,school_homepage,usa_master_923_backfill
US00347,usa,California State University East Bay Hayward,https://collegedunia.com/usa/university/1406-california-state-university---east-bay-hayward,school_homepage,usa_master_923_backfill
US00348,usa,Hofstra University Hempstead,https://collegedunia.com/usa/university/1408-hofstra-university-hempstead,school_homepage,new_vs_265
US00349,usa,New England College Henniker,https://collegedunia.com/usa/college/1409-new-england-college-henniker,school_homepage,new_vs_265
US00350,usa,Florida National University Hialeah,https://collegedunia.com/usa/university/1412-florida-national-university-hialeah,school_homepage,usa_master_923_backfill
US00351,usa,High Point University High Point,https://collegedunia.com/usa/university/1413-high-point-university-high-point,school_homepage,usa_master_923_backfill
US00352,usa,Northern Kentucky University Highland Heights,https://collegedunia.com/usa/university/1414-northern-kentucky-university-highland-heights,school_homepage,usa_master_923_backfill
US00353,usa,Stevens Institute Of Technology Hoboken,https://collegedunia.com/usa/university/1419-stevens-institute-of-technology-hoboken,school_homepage,new_vs_265
US00354,usa,Hope College Holland,https://collegedunia.com/usa/college/1420-hope-college-holland,school_homepage,usa_master_923_backfill
US00355,usa,University Of Hawaii At Manoa Honolulu,https://collegedunia.com/usa/university/1421-university-of-hawaii-at-manoa-honolulu,school_homepage,usa_master_923_backfill
US00356,usa,Hawaii Pacific University Honolulu,https://collegedunia.com/usa/university/1423-hawaii-pacific-university-honolulu,school_homepage,usa_master_923_backfill
US00357,usa,Michigan Technological University Houghton,https://collegedunia.com/usa/university/1425-michigan-technological-university-houghton,school_homepage,usa_master_923_backfill
US00358,usa,University Of Houston Downtown Houston,https://collegedunia.com/usa/university/1427-university-of-houston---downtown-houston,school_homepage,usa_master_923_backfill
US00359,usa,Rice University Houston,https://collegedunia.com/usa/university/1428-rice-university-houston,school_homepage,new_vs_265
US00360,usa,University Of Houston Houston,https://collegedunia.com/usa/university/1429-university-of-houston-houston,school_homepage,new_vs_265
US00361,usa,University Of Texas Health Science Center Houston,https://collegedunia.com/usa/university/1431-university-of-texas-health-science-center-houston,school_homepage,usa_master_923_backfill
US00362,usa,University Of Houston Clear Lake Houston,https://collegedunia.com/usa/university/1432-university-of-houston---clear-lake-houston,school_homepage,usa_master_923_backfill
US00363,usa,Texas Southern University Houston,https://collegedunia.com/usa/university/1433-texas-southern-university-houston,school_homepage,usa_master_923_backfill
US00364,usa,Houston Baptist University Houston,https://collegedunia.com/usa/university/1434-houston-baptist-university-houston,school_homepage,usa_master_923_backfill
US00365,usa,University Of Texas M D Anderson Cancer Center Houston,https://collegedunia.com/usa/college/1436-university-of-texas-m-d-anderson-cancer-center-houston,school_homepage,usa_master_923_backfill
US00366,usa,Juniata College Huntingdon,https://collegedunia.com/usa/college/1437-juniata-college-huntingdon,school_homepage,usa_master_923_backfill
US00367,usa,Marshall University Huntington,https://collegedunia.com/usa/university/1438-marshall-university-huntington,school_homepage,usa_master_923_backfill
US00368,usa,University Of Alabama Huntsville,https://collegedunia.com/usa/university/1440-university-of-alabama-huntsville,school_homepage,usa_master_923_backfill
US00369,usa,Sam Houston State University Huntsville,https://collegedunia.com/usa/university/1441-sam-houston-state-university-huntsville,school_homepage,usa_master_923_backfill
US00370,usa,Indiana University Of Pennsylvania Indiana,https://collegedunia.com/usa/university/1442-indiana-university-of-pennsylvania-indiana,school_homepage,usa_master_923_backfill
US00371,usa,Indiana University Purdue University Indianapolis Indianapolis,https://collegedunia.com/usa/university/1443-indiana-university---purdue-university-indianapolis-indianapolis,school_homepage,usa_master_923_backfill
US00372,usa,Purdue University Global Indianapolis,https://collegedunia.com/usa/university/1444-purdue-university-global-indianapolis,school_homepage,new_vs_265
US00373,usa,Butler University Indianapolis,https://collegedunia.com/usa/university/1445-butler-university-indianapolis,school_homepage,new_vs_265
US00374,usa,University Of Indianapolis Indianapolis,https://collegedunia.com/usa/university/1446-university-of-indianapolis-indianapolis,school_homepage,usa_master_923_backfill
US00375,usa,West Virginia State University Institute,https://collegedunia.com/usa/university/1447-west-virginia-state-university-institute,school_homepage,usa_master_923_backfill
US00376,usa,University Of Iowa Iowa City,https://collegedunia.com/usa/university/1448-university-of-iowa-iowa-city,school_homepage,new_vs_265
US00377,usa,University Of California Irvine,https://collegedunia.com/usa/university/1449-university-of-california-irvine,school_homepage,new_vs_265
US00378,usa,Concordia University Irvine,https://collegedunia.com/usa/university/1450-concordia-university-irvine,school_homepage,usa_master_923_backfill
US00379,usa,University Of Dallas Irving,https://collegedunia.com/usa/university/1451-university-of-dallas-irving,school_homepage,new_vs_265
US00380,usa,Cornell University Ithaca,https://collegedunia.com/usa/university/1452-cornell-university-ithaca,school_homepage,new_vs_265
US00381,usa,Ithaca College Ithaca,https://collegedunia.com/usa/college/1453-ithaca-college-ithaca,school_homepage,usa_master_923_backfill
US00382,usa,Jackson State University Jackson,https://collegedunia.com/usa/university/1454-jackson-state-university-jackson,school_homepage,usa_master_923_backfill
US00383,usa,Millsaps College Jackson,https://collegedunia.com/usa/college/1455-millsaps-college-jackson,school_homepage,usa_master_923_backfill
US00384,usa,Jacksonville University Jacksonville,https://collegedunia.com/usa/university/1457-jacksonville-university-jacksonville,school_homepage,usa_master_923_backfill
US00385,usa,University Of North Florida Jacksonville,https://collegedunia.com/usa/university/1458-university-of-north-florida-jacksonville,school_homepage,usa_master_923_backfill
US00386,usa,Jacksonville State University Jacksonville,https://collegedunia.com/usa/university/1459-jacksonville-state-university-jacksonville,school_homepage,usa_master_923_backfill
US00387,usa,Illinois College Jacksonville,https://collegedunia.com/usa/college/1460-illinois-college-jacksonville,school_homepage,usa_master_923_backfill
US00388,usa,University Of Jamestown Jamestown,https://collegedunia.com/usa/college/1461-university-of-jamestown-jamestown,school_homepage,usa_master_923_backfill
US00389,usa,Saint Peters University Jersey City,https://collegedunia.com/usa/university/1463-saint-peters-university-jersey-city,school_homepage,new_vs_265
US00390,usa,East Tennessee State University Johnson City,https://collegedunia.com/usa/university/1464-east-tennessee-state-university-johnson-city,school_homepage,usa_master_923_backfill
US00391,usa,University Of St Francis Joliet,https://collegedunia.com/usa/university/1465-university-of-st-francis-joliet,school_homepage,usa_master_923_backfill
US00392,usa,Arkansas State University Jonesboro,https://collegedunia.com/usa/university/1466-arkansas-state-university-jonesboro,school_homepage,usa_master_923_backfill
US00393,usa,Western Michigan University Kalamazoo,https://collegedunia.com/usa/university/1468-western-michigan-university-kalamazoo,school_homepage,usa_master_923_backfill
US00394,usa,Kalamazoo College Kalamazoo,https://collegedunia.com/usa/college/1469-kalamazoo-college-kalamazoo,school_homepage,usa_master_923_backfill
US00395,usa,University Of Missouri Kansas City,https://collegedunia.com/usa/university/1470-university-of-missouri-kansas-city,school_homepage,usa_master_923_backfill
US00396,usa,University Of Kansas Medical Center Kansas City,https://collegedunia.com/usa/college/1471-university-of-kansas-medical-center-kansas-city,school_homepage,usa_master_923_backfill
US00397,usa,Rockhurst University Kansas City,https://collegedunia.com/usa/university/1472-rockhurst-university-kansas-city,school_homepage,usa_master_923_backfill
US00398,usa,Avila University Kansas City,https://collegedunia.com/usa/university/1473-avila-university-kansas-city,school_homepage,usa_master_923_backfill
US00399,usa,University Of Nebraska Kearney,https://collegedunia.com/usa/university/1476-university-of-nebraska-kearney,school_homepage,usa_master_923_backfill
US00400,usa,Kennesaw State University Kennesaw,https://collegedunia.com/usa/university/1480-kennesaw-state-university-kennesaw,school_homepage,usa_master_923_backfill
US00401,usa,University Of Wisconsin Parkside Kenosha,https://collegedunia.com/usa/university/1481-university-of-wisconsin---parkside-kenosha,school_homepage,usa_master_923_backfill
US00402,usa,Kent State University Kent,https://collegedunia.com/usa/university/1483-kent-state-university-kent,school_homepage,usa_master_923_backfill
US00403,usa,University Of Rhode Island Kingston,https://collegedunia.com/usa/university/1485-university-of-rhode-island-kingston,school_homepage,new_vs_265
US00404,usa,Texas Aandm University Kingsville,https://collegedunia.com/usa/university/1486-texas-aandm-university-kingsville,school_homepage,new_vs_265
US00405,usa,Northwest University Kirkland,https://collegedunia.com/usa/university/1487-northwest-university-kirkland,school_homepage,new_vs_265
US00406,usa,Truman State University Kirksville,https://collegedunia.com/usa/university/1489-truman-state-university-kirksville,school_homepage,usa_master_923_backfill
US00407,usa,University Of Tennessee Knoxville,https://collegedunia.com/usa/university/1491-university-of-tennessee-knoxville,school_homepage,new_vs_265
US00408,usa,Indiana University Kokomo Kokomo,https://collegedunia.com/usa/university/1493-indiana-university-kokomo-kokomo,school_homepage,usa_master_923_backfill
US00409,usa,Kutztown University Kutztown,https://collegedunia.com/usa/university/1494-kutztown-university-kutztown,school_homepage,usa_master_923_backfill
US00410,usa,University Of Wisconsin La Crosse,https://collegedunia.com/usa/university/1495-university-of-wisconsin-la-crosse,school_homepage,usa_master_923_backfill
US00411,usa,Eastern Oregon University La Grande,https://collegedunia.com/usa/university/1497-eastern-oregon-university-la-grande,school_homepage,usa_master_923_backfill
US00412,usa,National University La Jolla,https://collegedunia.com/usa/university/1498-national-university-la-jolla,school_homepage,usa_master_923_backfill
US00413,usa,Biola University La Mirada,https://collegedunia.com/usa/university/1499-biola-university-la-mirada,school_homepage,usa_master_923_backfill
US00414,usa,University Of La Verne La Verne,https://collegedunia.com/usa/university/1500-university-of-la-verne-la-verne,school_homepage,usa_master_923_backfill
US00415,usa,Saint Martins University Lacey,https://collegedunia.com/usa/university/1501-saint-martins-university-lacey,school_homepage,usa_master_923_backfill
US00416,usa,University Of Louisiana Lafayette,https://collegedunia.com/usa/university/1502-university-of-louisiana-lafayette,school_homepage,usa_master_923_backfill
US00417,usa,Mcneese State University Lake Charles,https://collegedunia.com/usa/university/1504-mcneese-state-university-lake-charles,school_homepage,usa_master_923_backfill
US00418,usa,Florida Polytechnic University Lakeland,https://collegedunia.com/usa/university/1506-florida-polytechnic-university-lakeland,school_homepage,usa_master_923_backfill
US00419,usa,Southeastern University Florida Lakeland,https://collegedunia.com/usa/university/1507-southeastern-university---florida-lakeland,school_homepage,usa_master_923_backfill
US00420,usa,University Of Wyoming Laramie,https://collegedunia.com/usa/university/1513-university-of-wyoming-laramie,school_homepage,usa_master_923_backfill
US00421,usa,Texas Am International University Laredo,https://collegedunia.com/usa/university/1514-texas-am-international-university-laredo,school_homepage,usa_master_923_backfill
US00422,usa,New Mexico State University Las Cruces,https://collegedunia.com/usa/university/1516-new-mexico-state-university-las-cruces,school_homepage,usa_master_923_backfill
US00423,usa,New Mexico Highlands University Las Vegas,https://collegedunia.com/usa/university/1517-new-mexico-highlands-university-las-vegas,school_homepage,usa_master_923_backfill
US00424,usa,University Of Nevada Las Vegas,https://collegedunia.com/usa/university/1518-university-of-nevada-las-vegas,school_homepage,usa_master_923_backfill
US00425,usa,Saint Vincent College Latrobe,https://collegedunia.com/usa/college/1519-saint-vincent-college-latrobe,school_homepage,usa_master_923_backfill
US00426,usa,St Andrews University Laurinburg,https://collegedunia.com/usa/college/1520-st-andrews-university-laurinburg,school_homepage,new_vs_265
US00427,usa,University Of Kansas Lawrence,https://collegedunia.com/usa/university/1521-university-of-kansas-lawrence,school_homepage,new_vs_265
US00428,usa,Rider University Lawrenceville,https://collegedunia.com/usa/university/1522-rider-university-lawrenceville,school_homepage,usa_master_923_backfill
US00429,usa,Cameron University Lawton,https://collegedunia.com/usa/university/1523-cameron-university-lawton,school_homepage,usa_master_923_backfill
US00430,usa,Bucknell University Lewisburg,https://collegedunia.com/usa/college/1527-bucknell-university-lewisburg,school_homepage,usa_master_923_backfill
US00431,usa,Bates College Lewiston,https://collegedunia.com/usa/college/1528-bates-college-lewiston,school_homepage,usa_master_923_backfill
US00432,usa,Lewis Clark State College Lewiston,https://collegedunia.com/usa/college/1529-lewis---clark-state-college-lewiston,school_homepage,usa_master_923_backfill
US00433,usa,University Of Kentucky Lexington,https://collegedunia.com/usa/university/1530-university-of-kentucky-lexington,school_homepage,usa_master_923_backfill
US00434,usa,Washington And Lee University Lexington,https://collegedunia.com/usa/university/1533-washington-and-lee-university-lexington,school_homepage,usa_master_923_backfill
US00435,usa,University Of Nebraska Lincoln,https://collegedunia.com/usa/university/1535-university-of-nebraska-lincoln,school_homepage,new_vs_265
US00436,usa,Benedictine University Lisle,https://collegedunia.com/usa/university/1539-benedictine-university-lisle,school_homepage,usa_master_923_backfill
US00437,usa,University Of Arkansas Little Rock,https://collegedunia.com/usa/university/1540-university-of-arkansas-little-rock,school_homepage,usa_master_923_backfill
US00438,usa,University Of West Alabama Livingston,https://collegedunia.com/usa/university/1541-university-of-west-alabama-livingston,school_homepage,usa_master_923_backfill
US00439,usa,Madonna University Livonia,https://collegedunia.com/usa/university/1542-madonna-university-livonia,school_homepage,usa_master_923_backfill
US00440,usa,Utah State University Logan,https://collegedunia.com/usa/university/1544-utah-state-university-logan,school_homepage,usa_master_923_backfill
US00441,usa,Loma Linda University Loma Linda,https://collegedunia.com/usa/university/1545-loma-linda-university-loma-linda,school_homepage,usa_master_923_backfill
US00442,usa,California State University Long Beach,https://collegedunia.com/usa/university/1546-california-state-university-long-beach,school_homepage,usa_master_923_backfill
US00443,usa,Bay Path University Longmeadow,https://collegedunia.com/usa/university/1547-bay-path-university-longmeadow,school_homepage,usa_master_923_backfill
US00444,usa,Letourneau University Longview,https://collegedunia.com/usa/university/1548-letourneau-university-longview,school_homepage,usa_master_923_backfill
US00445,usa,Saint Francis University Loretto,https://collegedunia.com/usa/university/1550-saint-francis-university-loretto,school_homepage,usa_master_923_backfill
US00446,usa,University Of California Los Angeles,https://collegedunia.com/usa/university/1551-university-of-california-los-angeles,school_homepage,base_265
US00447,usa,University Of Southern California Los Angeles,https://collegedunia.com/usa/university/1552-university-of-southern-california-los-angeles,school_homepage,new_vs_265
US00448,usa,California State University Northridge,https://collegedunia.com/usa/university/1553-california-state-university-northridge,school_homepage,usa_master_923_backfill
US00449,usa,Loyola Marymount University Los Angeles,https://collegedunia.com/usa/university/1554-loyola-marymount-university-los-angeles,school_homepage,new_vs_265
US00450,usa,California State University Los Angeles,https://collegedunia.com/usa/university/1555-california-state-university-los-angeles,school_homepage,base_265
US00451,usa,Woodbury University Burbank,https://collegedunia.com/usa/university/1557-woodbury-university-burbank,school_homepage,usa_master_923_backfill
US00452,usa,Pacific States University Los Angeles,https://collegedunia.com/usa/university/1561-pacific-states-university-los-angeles,school_homepage,usa_master_923_backfill
US00453,usa,Southern California Institute Of Architecture Los Angeles,https://collegedunia.com/usa/university/1562-southern-california-institute-of-architecture-los-angeles,school_homepage,usa_master_923_backfill
US00454,usa,Devry University California Long Beach,https://collegedunia.com/usa/university/1565-devry-university---california-long-beach,school_homepage,usa_master_923_backfill
US00455,usa,Siena College Loudonville,https://collegedunia.com/usa/college/1568-siena-college-loudonville,school_homepage,usa_master_923_backfill
US00456,usa,University Of Louisville Louisville,https://collegedunia.com/usa/university/1569-university-of-louisville-louisville,school_homepage,usa_master_923_backfill
US00457,usa,Bellarmine University Louisville,https://collegedunia.com/usa/university/1570-bellarmine-university-louisville,school_homepage,new_vs_265
US00458,usa,Sullivan University Louisville,https://collegedunia.com/usa/university/1571-sullivan-university-louisville,school_homepage,usa_master_923_backfill
US00459,usa,Umass Lowell Lowell,https://collegedunia.com/usa/university/1572-umass-lowell-lowell,school_homepage,usa_master_923_backfill
US00460,usa,Texas Tech University Lubbock,https://collegedunia.com/usa/university/1573-texas-tech-university-lubbock,school_homepage,new_vs_265
US00461,usa,Liberty University Lynchburg,https://collegedunia.com/usa/university/1575-liberty-university-lynchburg,school_homepage,usa_master_923_backfill
US00462,usa,Western Illinois University Macomb,https://collegedunia.com/usa/university/1578-western-illinois-university-macomb,school_homepage,usa_master_923_backfill
US00463,usa,Mercer University Macon,https://collegedunia.com/usa/university/1579-mercer-university-macon,school_homepage,usa_master_923_backfill
US00464,usa,University Of Wisconsin Madison,https://collegedunia.com/usa/university/1580-university-of-wisconsin-madison,school_homepage,base_265
US00465,usa,Drew University Madison,https://collegedunia.com/usa/university/1581-drew-university-madison,school_homepage,usa_master_923_backfill
US00466,usa,Dakota State University Madison,https://collegedunia.com/usa/university/1583-dakota-state-university-madison,school_homepage,usa_master_923_backfill
US00467,usa,Fairleigh Dickinson University Madison,https://collegedunia.com/usa/university/1585-fairleigh-dickinson-university-madison,school_homepage,usa_master_923_backfill
US00468,usa,Southern Arkansas University Magnolia,https://collegedunia.com/usa/university/1587-southern-arkansas-university-magnolia,school_homepage,usa_master_923_backfill
US00469,usa,Ramapo College Of New Jersey Mahwah,https://collegedunia.com/usa/college/1588-ramapo-college-of-new-jersey-mahwah,school_homepage,usa_master_923_backfill
US00470,usa,Pepperdine University Malibu,https://collegedunia.com/usa/university/1589-pepperdine-university-malibu,school_homepage,usa_master_923_backfill
US00471,usa,Southern New Hampshire University Manchester,https://collegedunia.com/usa/university/1590-southern-new-hampshire-university-manchester,school_homepage,new_vs_265
US00472,usa,Kansas State University Manhattan,https://collegedunia.com/usa/university/1592-kansas-state-university-manhattan,school_homepage,usa_master_923_backfill
US00473,usa,Fashion Institute Of Technology New York City,https://collegedunia.com/usa/college/1593-fashion-institute-of-technology-new-york-city,school_homepage,usa_master_923_backfill
US00474,usa,Minnesota State University Mankato Mankato,https://collegedunia.com/usa/university/1595-minnesota-state-university-mankato-mankato,school_homepage,usa_master_923_backfill
US00475,usa,Northern Michigan University Marquette,https://collegedunia.com/usa/university/1601-northern-michigan-university-marquette,school_homepage,usa_master_923_backfill
US00476,usa,Southwest Minnesota State University Marshall,https://collegedunia.com/usa/university/1603-southwest-minnesota-state-university-marshall,school_homepage,usa_master_923_backfill
US00477,usa,University Of Tennessee Martin Martin,https://collegedunia.com/usa/university/1606-university-of-tennessee-martin-martin,school_homepage,usa_master_923_backfill
US00478,usa,Northwest Missouri State University Maryville,https://collegedunia.com/usa/university/1607-northwest-missouri-state-university-maryville,school_homepage,usa_master_923_backfill
US00479,usa,Linfield College Mcminnville,https://collegedunia.com/usa/college/1608-linfield-college-mcminnville,school_homepage,usa_master_923_backfill
US00480,usa,Allegheny College Meadville,https://collegedunia.com/usa/college/1609-allegheny-college-meadville,school_homepage,usa_master_923_backfill
US00481,usa,Messiah University Mechanicsburg,https://collegedunia.com/usa/college/1610-messiah-university-mechanicsburg,school_homepage,usa_master_923_backfill
US00482,usa,Tufts University Medford,https://collegedunia.com/usa/university/1611-tufts-university-medford,school_homepage,new_vs_265
US00483,usa,Florida Institute Of Technology Melbourne,https://collegedunia.com/usa/college/1612-florida-institute-of-technology-melbourne,school_homepage,usa_master_923_backfill
US00484,usa,University Of Memphis Memphis,https://collegedunia.com/usa/university/1614-university-of-memphis-memphis,school_homepage,usa_master_923_backfill
US00485,usa,Rhodes College Memphis,https://collegedunia.com/usa/college/1615-rhodes-college-memphis,school_homepage,usa_master_923_backfill
US00486,usa,Christian Brothers University Memphis,https://collegedunia.com/usa/university/1617-christian-brothers-university-memphis,school_homepage,usa_master_923_backfill
US00487,usa,University Of Wisconsin Stout Menomonie,https://collegedunia.com/usa/university/1618-university-of-wisconsin---stout-menomonie,school_homepage,usa_master_923_backfill
US00488,usa,Concordia University Wisconsin Mequon,https://collegedunia.com/usa/university/1619-concordia-university---wisconsin-mequon,school_homepage,usa_master_923_backfill
US00489,usa,University Of California Merced,https://collegedunia.com/usa/university/1620-university-of-california-merced,school_homepage,usa_master_923_backfill
US00490,usa,Florida International University Miami,https://collegedunia.com/usa/university/1621-florida-international-university-miami,school_homepage,new_vs_265
US00491,usa,Barry University Miami Shores,https://collegedunia.com/usa/university/1623-barry-university-miami-shores,school_homepage,usa_master_923_backfill
US00492,usa,Miami Dade College Miami,https://collegedunia.com/usa/college/1627-miami-dade-college-miami,school_homepage,usa_master_923_backfill
US00493,usa,Atlantis University Miami,https://collegedunia.com/usa/university/1629-atlantis-university-miami,school_homepage,usa_master_923_backfill
US00494,usa,Miami University Oxford,https://collegedunia.com/usa/university/1631-miami-university-oxford,school_homepage,new_vs_265
US00495,usa,Wesleyan University Middletown,https://collegedunia.com/usa/university/1632-wesleyan-university-middletown,school_homepage,usa_master_923_backfill
US00496,usa,Midway University Midway,https://collegedunia.com/usa/university/1633-midway-university-midway,school_homepage,usa_master_923_backfill
US00497,usa,Marquette University Milwaukee,https://collegedunia.com/usa/university/1637-marquette-university-milwaukee,school_homepage,usa_master_923_backfill
US00498,usa,University Of Wisconsin Milwaukee,https://collegedunia.com/usa/university/1638-university-of-wisconsin-milwaukee,school_homepage,usa_master_923_backfill
US00499,usa,Milwaukee School Of Engineering Milwaukee,https://collegedunia.com/usa/university/1640-milwaukee-school-of-engineering-milwaukee,school_homepage,usa_master_923_backfill
US00500,usa,Augsburg University Minneapolis,https://collegedunia.com/usa/university/1644-augsburg-university-minneapolis,school_homepage,usa_master_923_backfill
US00501,usa,University Of Minnesota Twin Cities Minneapolis,https://collegedunia.com/usa/university/1645-university-of-minnesota-twin-cities-minneapolis,school_homepage,new_vs_265
US00502,usa,Minot State University Minot,https://collegedunia.com/usa/university/1648-minot-state-university-minot,school_homepage,usa_master_923_backfill
US00503,usa,Pfeiffer University Misenheimer,https://collegedunia.com/usa/university/1649-pfeiffer-university-misenheimer,school_homepage,usa_master_923_backfill
US00504,usa,Mississippi State University Mississippi State,https://collegedunia.com/usa/university/1650-mississippi-state-university-mississippi-state,school_homepage,usa_master_923_backfill
US00505,usa,University Of Montana Missoula,https://collegedunia.com/usa/university/1651-university-of-montana-missoula,school_homepage,usa_master_923_backfill
US00506,usa,University Of South Alabama Mobile,https://collegedunia.com/usa/university/1652-university-of-south-alabama-mobile,school_homepage,usa_master_923_backfill
US00507,usa,Western Oregon University Monmouth,https://collegedunia.com/usa/university/1653-western-oregon-university-monmouth,school_homepage,usa_master_923_backfill
US00508,usa,University Of Louisiana Monroe,https://collegedunia.com/usa/university/1655-university-of-louisiana-monroe,school_homepage,usa_master_923_backfill
US00509,usa,Montana State University Bozeman,https://collegedunia.com/usa/university/1656-montana-state-university-bozeman,school_homepage,usa_master_923_backfill
US00510,usa,Montclair State University Montclair,https://collegedunia.com/usa/university/1657-montclair-state-university-montclair,school_homepage,usa_master_923_backfill
US00511,usa,Auburn University At Montgomery Montgomery,https://collegedunia.com/usa/university/1661-auburn-university-at-montgomery-montgomery,school_homepage,usa_master_923_backfill
US00512,usa,Alabama State University Montgomery,https://collegedunia.com/usa/university/1662-alabama-state-university-montgomery,school_homepage,usa_master_923_backfill
US00513,usa,Minnesota State University Moorhead Moorhead,https://collegedunia.com/usa/university/1665-minnesota-state-university-moorhead-moorhead,school_homepage,usa_master_923_backfill
US00514,usa,Concordia College Moorhead,https://collegedunia.com/usa/college/1666-concordia-college-moorhead,school_homepage,usa_master_923_backfill
US00515,usa,Morehead State University Morehead,https://collegedunia.com/usa/university/1668-morehead-state-university-morehead,school_homepage,usa_master_923_backfill
US00516,usa,West Virginia University Morgantown,https://collegedunia.com/usa/university/1669-west-virginia-university-morgantown,school_homepage,usa_master_923_backfill
US00517,usa,University Of Minnesota Morris,https://collegedunia.com/usa/college/1670-university-of-minnesota-morris,school_homepage,new_vs_265
US00518,usa,Clayton State University Morrow,https://collegedunia.com/usa/university/1673-clayton-state-university-morrow,school_homepage,usa_master_923_backfill
US00519,usa,University Of Idaho Moscow,https://collegedunia.com/usa/university/1674-university-of-idaho-moscow,school_homepage,new_vs_265
US00520,usa,Berry College Mount Berry,https://collegedunia.com/usa/college/1675-berry-college-mount-berry,school_homepage,usa_master_923_backfill
US00521,usa,Central Michigan University Mount Pleasant,https://collegedunia.com/usa/university/1676-central-michigan-university-mount-pleasant,school_homepage,new_vs_265
US00522,usa,Cornell College Mount Vernon,https://collegedunia.com/usa/college/1677-cornell-college-mount-vernon,school_homepage,new_vs_265
US00523,usa,Ball State University Muncie,https://collegedunia.com/usa/university/1680-ball-state-university-muncie,school_homepage,usa_master_923_backfill
US00524,usa,Middle Tennessee State University Murfreesboro,https://collegedunia.com/usa/university/1682-middle-tennessee-state-university-murfreesboro,school_homepage,usa_master_923_backfill
US00525,usa,Murray State University Murray,https://collegedunia.com/usa/university/1683-murray-state-university-murray,school_homepage,usa_master_923_backfill
US00526,usa,Stephen F Austin State University Nacogdoches,https://collegedunia.com/usa/university/1684-stephen-f-austin-state-university-nacogdoches,school_homepage,usa_master_923_backfill
US00527,usa,Vanderbilt University Nashville,https://collegedunia.com/usa/university/1687-vanderbilt-university-nashville,school_homepage,new_vs_265
US00528,usa,Tennessee State University Nashville,https://collegedunia.com/usa/university/1688-tennessee-state-university-nashville,school_homepage,usa_master_923_backfill
US00529,usa,Belmont University Nashville,https://collegedunia.com/usa/university/1689-belmont-university-nashville,school_homepage,usa_master_923_backfill
US00530,usa,Fisk University Nashville,https://collegedunia.com/usa/university/1690-fisk-university-nashville,school_homepage,usa_master_923_backfill
US00531,usa,Lipscomb University Nashville,https://collegedunia.com/usa/university/1691-lipscomb-university-nashville,school_homepage,usa_master_923_backfill
US00532,usa,Central Connecticut State University New Britain,https://collegedunia.com/usa/university/1694-central-connecticut-state-university-new-britain,school_homepage,usa_master_923_backfill
US00533,usa,Rutgers University New Jersey New Brunswick,https://collegedunia.com/usa/university/1695-rutgers-university-new-jersey-new-brunswick,school_homepage,new_vs_265
US00534,usa,Wilmington University New Castle,https://collegedunia.com/usa/university/1697-wilmington-university-new-castle,school_homepage,usa_master_923_backfill
US00535,usa,Muskingum University New Concord,https://collegedunia.com/usa/college/1698-muskingum-university-new-concord,school_homepage,usa_master_923_backfill
US00536,usa,Yale University New Haven,https://collegedunia.com/usa/university/1699-yale-university-new-haven,school_homepage,new_vs_265
US00537,usa,Connecticut College New London,https://collegedunia.com/usa/college/1701-connecticut-college-new-london,school_homepage,usa_master_923_backfill
US00538,usa,Loyola University New Orleans,https://collegedunia.com/usa/college/1702-loyola-university-new-orleans,school_homepage,usa_master_923_backfill
US00539,usa,Tulane University New Orleans,https://collegedunia.com/usa/university/1703-tulane-university-new-orleans,school_homepage,usa_master_923_backfill
US00540,usa,University Of New Orleans New Orleans,https://collegedunia.com/usa/university/1704-university-of-new-orleans-new-orleans,school_homepage,usa_master_923_backfill
US00541,usa,Southern University At New Orleans New Orleans,https://collegedunia.com/usa/university/1706-southern-university-at-new-orleans-new-orleans,school_homepage,usa_master_923_backfill
US00542,usa,State University Of New York At New Paltz New Paltz,https://collegedunia.com/usa/university/1707-state-university-of-new-york-at-new-paltz-new-paltz,school_homepage,usa_master_923_backfill
US00543,usa,Iona College New Rochelle,https://collegedunia.com/usa/college/1708-iona-college-new-rochelle,school_homepage,usa_master_923_backfill
US00544,usa,Columbia University New York City,https://collegedunia.com/usa/university/1711-columbia-university-new-york-city,school_homepage,new_vs_265
US00545,usa,New York University New York City,https://collegedunia.com/usa/university/1713-new-york-university-new-york-city,school_homepage,new_vs_265
US00546,usa,Yeshiva University New York City,https://collegedunia.com/usa/university/1714-yeshiva-university-new-york-city,school_homepage,usa_master_923_backfill
US00547,usa,The New School New York City,https://collegedunia.com/usa/university/1715-the-new-school-new-york-city,school_homepage,usa_master_923_backfill
US00548,usa,Pace University New York City,https://collegedunia.com/usa/university/1716-pace-university-new-york-city,school_homepage,base_265
US00549,usa,Lim College New York City,https://collegedunia.com/usa/college/1717-lim-college-new-york-city,school_homepage,usa_master_923_backfill
US00550,usa,Hunter College New York City,https://collegedunia.com/usa/college/1718-hunter-college-new-york-city,school_homepage,usa_master_923_backfill
US00551,usa,St Johns University Jamaica,https://collegedunia.com/usa/university/1727-st-johns-university-jamaica,school_homepage,usa_master_923_backfill
US00552,usa,Brooklyn College Brooklyn,https://collegedunia.com/usa/college/1732-brooklyn-college-brooklyn,school_homepage,usa_master_923_backfill
US00553,usa,Queens College Queens,https://collegedunia.com/usa/college/1734-queens-college-queens,school_homepage,usa_master_923_backfill
US00554,usa,Bard College Annandale On Hudson,https://collegedunia.com/usa/college/1735-bard-college-annandale-on-hudson,school_homepage,usa_master_923_backfill
US00555,usa,Baruch College New York City,https://collegedunia.com/usa/college/1736-baruch-college-new-york-city,school_homepage,usa_master_923_backfill
US00556,usa,Lehman College Bronx,https://collegedunia.com/usa/college/1738-lehman-college-bronx,school_homepage,usa_master_923_backfill
US00557,usa,The City College Of New York New York City,https://collegedunia.com/usa/college/1740-the-city-college-of-new-york-new-york-city,school_homepage,usa_master_923_backfill
US00558,usa,Teachers College At Columbia University New York City,https://collegedunia.com/usa/college/1743-teachers-college-at-columbia-university-new-york-city,school_homepage,new_vs_265
US00559,usa,St Francis College Brooklyn,https://collegedunia.com/usa/college/1744-st-francis-college-brooklyn,school_homepage,usa_master_923_backfill
US00560,usa,Barnard College New York City,https://collegedunia.com/usa/college/1747-barnard-college-new-york-city,school_homepage,usa_master_923_backfill
US00561,usa,Oglethorpe University Atlanta,https://collegedunia.com/usa/college/1748-oglethorpe-university-atlanta,school_homepage,usa_master_923_backfill
US00562,usa,University Of Delaware Newark,https://collegedunia.com/usa/university/1749-university-of-delaware-newark,school_homepage,base_265
US00563,usa,New Jersey Institute Of Technology Newark,https://collegedunia.com/usa/university/1750-new-jersey-institute-of-technology-newark,school_homepage,base_265
US00564,usa,Salve Regina University Newport,https://collegedunia.com/usa/university/1753-salve-regina-university-newport,school_homepage,new_vs_265
US00565,usa,Christopher Newport University Newport News,https://collegedunia.com/usa/university/1754-christopher-newport-university-newport-news,school_homepage,usa_master_923_backfill
US00566,usa,Lasell University Newton,https://collegedunia.com/usa/college/1755-lasell-university-newton,school_homepage,usa_master_923_backfill
US00567,usa,Old Dominion University Norfolk,https://collegedunia.com/usa/university/1759-old-dominion-university-norfolk,school_homepage,usa_master_923_backfill
US00568,usa,Norfolk State University Norfolk,https://collegedunia.com/usa/university/1761-norfolk-state-university-norfolk,school_homepage,usa_master_923_backfill
US00569,usa,Illinois State University Normal,https://collegedunia.com/usa/university/1763-illinois-state-university-normal,school_homepage,new_vs_265
US00570,usa,University Of Oklahoma Norman,https://collegedunia.com/usa/university/1765-university-of-oklahoma-norman,school_homepage,usa_master_923_backfill
US00571,usa,Walsh University North Canton,https://collegedunia.com/usa/university/1768-walsh-university-north-canton,school_homepage,usa_master_923_backfill
US00572,usa,Kent State University Stark North Canton,https://collegedunia.com/usa/college/1769-kent-state-university-stark-north-canton,school_homepage,usa_master_923_backfill
US00573,usa,University Of Massachusetts North Dartmouth,https://collegedunia.com/usa/university/1771-university-of-massachusetts-north-dartmouth,school_homepage,usa_master_923_backfill
US00574,usa,Manchester University North Manchester,https://collegedunia.com/usa/university/1772-manchester-university-north-manchester,school_homepage,new_vs_265
US00575,usa,Smith College Northampton,https://collegedunia.com/usa/college/1773-smith-college-northampton,school_homepage,usa_master_923_backfill
US00576,usa,Carleton College Northfield,https://collegedunia.com/usa/college/1775-carleton-college-northfield,school_homepage,usa_master_923_backfill
US00577,usa,University Of Notre Dame Notre Dame,https://collegedunia.com/usa/university/1777-university-of-notre-dame-notre-dame,school_homepage,new_vs_265
US00578,usa,Mills College Oakland,https://collegedunia.com/usa/college/1780-mills-college-oakland,school_homepage,usa_master_923_backfill
US00579,usa,Holy Names University Oakland,https://collegedunia.com/usa/university/1782-holy-names-university-oakland,school_homepage,usa_master_923_backfill
US00580,usa,Lincoln University Philadelphia,https://collegedunia.com/usa/university/1783-lincoln-university-philadelphia,school_homepage,usa_master_923_backfill
US00581,usa,University Of Texas Permian Basin Odessa,https://collegedunia.com/usa/university/1786-university-of-texas-permian-basin-odessa,school_homepage,usa_master_923_backfill
US00582,usa,Weber State University Ogden,https://collegedunia.com/usa/university/1787-weber-state-university-ogden,school_homepage,usa_master_923_backfill
US00583,usa,University Of Oklahoma Health Sciences Center Oklahoma City,https://collegedunia.com/usa/college/1788-university-of-oklahoma-health-sciences-center-oklahoma-city,school_homepage,usa_master_923_backfill
US00584,usa,Oklahoma City University Oklahoma City,https://collegedunia.com/usa/university/1789-oklahoma-city-university-oklahoma-city,school_homepage,usa_master_923_backfill
US00585,usa,New York Institute Of Technology New York City,https://collegedunia.com/usa/university/1790-new-york-institute-of-technology-new-york-city,school_homepage,usa_master_923_backfill
US00586,usa,Creighton University Omaha,https://collegedunia.com/usa/university/1794-creighton-university-omaha,school_homepage,usa_master_923_backfill
US00587,usa,University Of Nebraska Medical Center Omaha,https://collegedunia.com/usa/college/1795-university-of-nebraska-medical-center-omaha,school_homepage,usa_master_923_backfill
US00588,usa,University Of Nebraska Omaha Omaha,https://collegedunia.com/usa/university/1796-university-of-nebraska-omaha-omaha,school_homepage,usa_master_923_backfill
US00589,usa,Chapman University Orange,https://collegedunia.com/usa/university/1800-chapman-university-orange,school_homepage,new_vs_265
US00590,usa,Claflin University Orangeburg,https://collegedunia.com/usa/university/1801-claflin-university-orangeburg,school_homepage,usa_master_923_backfill
US00591,usa,South Carolina State University Orangeburg,https://collegedunia.com/usa/university/1802-south-carolina-state-university-orangeburg,school_homepage,usa_master_923_backfill
US00592,usa,University Of Central Florida Orlando,https://collegedunia.com/usa/university/1805-university-of-central-florida-orlando,school_homepage,usa_master_923_backfill
US00593,usa,University Of Maine Orono,https://collegedunia.com/usa/university/1807-university-of-maine-orono,school_homepage,usa_master_923_backfill
US00594,usa,State University Of New York At Oswego Oswego,https://collegedunia.com/usa/college/1809-state-university-of-new-york-at-oswego-oswego,school_homepage,usa_master_923_backfill
US00595,usa,University Of Mississippi University,https://collegedunia.com/usa/university/1810-university-of-mississippi-university,school_homepage,new_vs_265
US00596,usa,Sofia University Palo Alto,https://collegedunia.com/usa/university/1811-sofia-university-palo-alto,school_homepage,usa_master_923_backfill
US00597,usa,Park University Parkville,https://collegedunia.com/usa/university/1812-park-university-parkville,school_homepage,usa_master_923_backfill
US00598,usa,California Institute Of Technology Pasadena,https://collegedunia.com/usa/college/1813-california-institute-of-technology-pasadena,school_homepage,base_265
US00599,usa,University Of North Carolina Pembroke,https://collegedunia.com/usa/university/1817-university-of-north-carolina-pembroke,school_homepage,usa_master_923_backfill
US00600,usa,University Of West Florida Pensacola,https://collegedunia.com/usa/university/1819-university-of-west-florida-pensacola,school_homepage,usa_master_923_backfill
US00601,usa,Bradley University Peoria,https://collegedunia.com/usa/university/1820-bradley-university-peoria,school_homepage,new_vs_265
US00602,usa,Virginia State University Petersburg,https://collegedunia.com/usa/university/1821-virginia-state-university-petersburg,school_homepage,usa_master_923_backfill
US00603,usa,University Of Pennsylvania Philadelphia,https://collegedunia.com/usa/university/1822-university-of-pennsylvania-philadelphia,school_homepage,new_vs_265
US00604,usa,Temple University Philadelphia,https://collegedunia.com/usa/university/1823-temple-university-philadelphia,school_homepage,new_vs_265
US00605,usa,Thomas Jefferson University Philadelphia,https://collegedunia.com/usa/university/1824-thomas-jefferson-university-philadelphia,school_homepage,usa_master_923_backfill
US00606,usa,University Of Sciences In Philadelphia Philadelphia,https://collegedunia.com/usa/university/1825-university-of-sciences-in-philadelphia-philadelphia,school_homepage,usa_master_923_backfill
US00607,usa,La Salle University Philadelphia,https://collegedunia.com/usa/university/1827-la-salle-university-philadelphia,school_homepage,usa_master_923_backfill
US00608,usa,Drexel University Philadelphia,https://collegedunia.com/usa/university/1834-drexel-university-philadelphia,school_homepage,new_vs_265
US00609,usa,Grand Canyon University Phoenix,https://collegedunia.com/usa/university/1836-grand-canyon-university-phoenix,school_homepage,new_vs_265
US00610,usa,Stevenson University Owings Mills,https://collegedunia.com/usa/university/1837-stevenson-university-owings-mills,school_homepage,usa_master_923_backfill
US00611,usa,Pittsburg State University Pittsburg,https://collegedunia.com/usa/university/1839-pittsburg-state-university-pittsburg,school_homepage,usa_master_923_backfill
US00612,usa,Carnegie Mellon University Pittsburgh,https://collegedunia.com/usa/university/1841-carnegie-mellon-university-pittsburgh,school_homepage,base_265
US00613,usa,University Of Pittsburgh Pittsburgh,https://collegedunia.com/usa/university/1842-university-of-pittsburgh-pittsburgh,school_homepage,new_vs_265
US00614,usa,Duquesne University Pittsburgh,https://collegedunia.com/usa/university/1843-duquesne-university-pittsburgh,school_homepage,new_vs_265
US00615,usa,Chatham University Pittsburgh,https://collegedunia.com/usa/university/1844-chatham-university-pittsburgh,school_homepage,usa_master_923_backfill
US00616,usa,La Roche University Pittsburgh,https://collegedunia.com/usa/university/1845-la-roche-university-pittsburgh,school_homepage,usa_master_923_backfill
US00617,usa,Point Park University Pittsburgh,https://collegedunia.com/usa/university/1847-point-park-university-pittsburgh,school_homepage,usa_master_923_backfill
US00618,usa,State University Of New York Plattsburgh Plattsburgh,https://collegedunia.com/usa/college/1851-state-university-of-new-york-plattsburgh-plattsburgh,school_homepage,usa_master_923_backfill
US00619,usa,Plymouth State University Plymouth,https://collegedunia.com/usa/university/1852-plymouth-state-university-plymouth,school_homepage,new_vs_265
US00620,usa,Idaho State University Pocatello,https://collegedunia.com/usa/university/1853-idaho-state-university-pocatello,school_homepage,usa_master_923_backfill
US00621,usa,California State Polytechnic University Pomona,https://collegedunia.com/usa/university/1854-california-state-polytechnic-university-pomona,school_homepage,usa_master_923_backfill
US00622,usa,Eastern New Mexico University Portales,https://collegedunia.com/usa/university/1856-eastern-new-mexico-university-portales,school_homepage,usa_master_923_backfill
US00623,usa,Portland State University Portland,https://collegedunia.com/usa/university/1857-portland-state-university-portland,school_homepage,usa_master_923_backfill
US00624,usa,Oregon Health Science University Portland,https://collegedunia.com/usa/university/1858-oregon-health--science-university-portland,school_homepage,usa_master_923_backfill
US00625,usa,Reed College Portland,https://collegedunia.com/usa/college/1859-reed-college-portland,school_homepage,usa_master_923_backfill
US00626,usa,Lewis And Clark College Portland,https://collegedunia.com/usa/college/1860-lewis-and-clark-college-portland,school_homepage,usa_master_923_backfill
US00627,usa,University Of Southern Maine Portland,https://collegedunia.com/usa/university/1861-university-of-southern-maine-portland,school_homepage,usa_master_923_backfill
US00628,usa,Shawnee State University Portsmouth,https://collegedunia.com/usa/university/1866-shawnee-state-university-portsmouth,school_homepage,usa_master_923_backfill
US00629,usa,Clarkson University Potsdam,https://collegedunia.com/usa/university/1867-clarkson-university-potsdam,school_homepage,usa_master_923_backfill
US00630,usa,State University Of New York Potsdam Potsdam,https://collegedunia.com/usa/college/1868-state-university-of-new-york-potsdam-potsdam,school_homepage,usa_master_923_backfill
US00631,usa,Marist College Poughkeepsie,https://collegedunia.com/usa/college/1869-marist-college-poughkeepsie,school_homepage,usa_master_923_backfill
US00632,usa,Vassar College Poughkeepsie,https://collegedunia.com/usa/college/1870-vassar-college-poughkeepsie,school_homepage,usa_master_923_backfill
US00633,usa,Prairie View Am University Prairie View,https://collegedunia.com/usa/university/1871-prairie-view-am-university-prairie-view,school_homepage,usa_master_923_backfill
US00634,usa,University Of Maryland Eastern Shore Princess Anne,https://collegedunia.com/usa/university/1872-university-of-maryland---eastern-shore-princess-anne,school_homepage,usa_master_923_backfill
US00635,usa,Princeton University Princeton,https://collegedunia.com/usa/university/1873-princeton-university-princeton,school_homepage,new_vs_265
US00636,usa,Brown University Providence,https://collegedunia.com/usa/university/1875-brown-university-providence,school_homepage,base_265
US00637,usa,Providence College Providence,https://collegedunia.com/usa/university/1876-providence-college-providence,school_homepage,new_vs_265
US00638,usa,Rhode Island School Of Design Providence,https://collegedunia.com/usa/college/1878-rhode-island-school-of-design-providence,school_homepage,usa_master_923_backfill
US00639,usa,Johnson Wales University Providence,https://collegedunia.com/usa/university/1879-johnson--wales-university-providence,school_homepage,usa_master_923_backfill
US00640,usa,Brigham Young University Provo,https://collegedunia.com/usa/university/1880-brigham-young-university-provo,school_homepage,usa_master_923_backfill
US00641,usa,Colorado State University Pueblo,https://collegedunia.com/usa/university/1881-colorado-state-university-pueblo,school_homepage,usa_master_923_backfill
US00642,usa,Washington State University Pullman,https://collegedunia.com/usa/university/1882-washington-state-university-pullman,school_homepage,base_265
US00643,usa,York College Jamaica,https://collegedunia.com/usa/college/1886-york-college-jamaica,school_homepage,usa_master_923_backfill
US00644,usa,Eastern Nazarene College Quincy,https://collegedunia.com/usa/college/1887-eastern-nazarene-college-quincy,school_homepage,usa_master_923_backfill
US00645,usa,Radford University Radford,https://collegedunia.com/usa/university/1888-radford-university-radford,school_homepage,usa_master_923_backfill
US00646,usa,North Carolina State University Raleigh,https://collegedunia.com/usa/university/1889-north-carolina-state-university-raleigh,school_homepage,new_vs_265
US00647,usa,Marymount California University Rancho Palos Verdes,https://collegedunia.com/usa/university/1891-marymount-california-university-rancho-palos-verdes,school_homepage,usa_master_923_backfill
US00648,usa,South Dakota School Of Mines Technology Rapid City,https://collegedunia.com/usa/university/1893-south-dakota-school-of-mines--technology-rapid-city,school_homepage,usa_master_923_backfill
US00649,usa,National American University Rapid City,https://collegedunia.com/usa/university/1894-national-american-university-rapid-city,school_homepage,usa_master_923_backfill
US00650,usa,University Of Redlands Redlands,https://collegedunia.com/usa/university/1898-university-of-redlands-redlands,school_homepage,new_vs_265
US00651,usa,Digipen Institute Of Technology Redmond,https://collegedunia.com/usa/college/1899-digipen-institute-of-technology-redmond,school_homepage,usa_master_923_backfill
US00652,usa,University Of Nevada Reno,https://collegedunia.com/usa/university/1901-university-of-nevada-reno,school_homepage,usa_master_923_backfill
US00653,usa,Brigham Young University Idaho Rexburg,https://collegedunia.com/usa/university/1902-brigham-young-university---idaho-rexburg,school_homepage,usa_master_923_backfill
US00654,usa,University Of Texas Dallas Richardson,https://collegedunia.com/usa/university/1903-university-of-texas-dallas-richardson,school_homepage,new_vs_265
US00655,usa,Eastern Kentucky University Richmond,https://collegedunia.com/usa/university/1904-eastern-kentucky-university-richmond,school_homepage,usa_master_923_backfill
US00656,usa,Virginia Commonwealth University Richmond,https://collegedunia.com/usa/university/1905-virginia-commonwealth-university-richmond,school_homepage,usa_master_923_backfill
US00657,usa,University Of Richmond Richmond,https://collegedunia.com/usa/university/1906-university-of-richmond-richmond,school_homepage,usa_master_923_backfill
US00658,usa,Earlham College Richmond,https://collegedunia.com/usa/college/1909-earlham-college-richmond,school_homepage,usa_master_923_backfill
US00659,usa,Ripon College Ripon,https://collegedunia.com/usa/college/1912-ripon-college-ripon,school_homepage,usa_master_923_backfill
US00660,usa,Dominican University San Rafael,https://collegedunia.com/usa/university/1914-dominican-university-san-rafael,school_homepage,usa_master_923_backfill
US00661,usa,Illinois Dominican University River Forest,https://collegedunia.com/usa/university/1915-illinois-dominican-university-river-forest,school_homepage,usa_master_923_backfill
US00662,usa,Manhattan College Riverdale,https://collegedunia.com/usa/college/1916-manhattan-college-riverdale,school_homepage,usa_master_923_backfill
US00663,usa,University Of California Riverside,https://collegedunia.com/usa/university/1917-university-of-california-riverside,school_homepage,new_vs_265
US00664,usa,La Sierra University Riverside,https://collegedunia.com/usa/university/1918-la-sierra-university-riverside,school_homepage,usa_master_923_backfill
US00665,usa,California Baptist University Riverside,https://collegedunia.com/usa/university/1919-california-baptist-university-riverside,school_homepage,usa_master_923_backfill
US00666,usa,Rochester Institute Of Technology Rochester,https://collegedunia.com/usa/university/1921-rochester-institute-of-technology-rochester,school_homepage,new_vs_265
US00667,usa,University Of Rochester Rochester,https://collegedunia.com/usa/university/1922-university-of-rochester-rochester,school_homepage,new_vs_265
US00668,usa,Oakland University Rochester,https://collegedunia.com/usa/university/1925-oakland-university-rochester,school_homepage,usa_master_923_backfill
US00669,usa,Winthrop University Rock Hill,https://collegedunia.com/usa/university/1926-winthrop-university-rock-hill,school_homepage,usa_master_923_backfill
US00670,usa,Augustana College Rock Island,https://collegedunia.com/usa/college/1927-augustana-college-rock-island,school_homepage,usa_master_923_backfill
US00671,usa,Sonoma State University Rohnert Park,https://collegedunia.com/usa/university/1929-sonoma-state-university-rohnert-park,school_homepage,usa_master_923_backfill
US00672,usa,Missouri University Of Science And Technology Rolla,https://collegedunia.com/usa/university/1930-missouri-university-of-science-and-technology-rolla,school_homepage,usa_master_923_backfill
US00673,usa,Lewis University Romeoville,https://collegedunia.com/usa/university/1932-lewis-university-romeoville,school_homepage,new_vs_265
US00674,usa,Arkansas Tech University Russellville,https://collegedunia.com/usa/university/1935-arkansas-tech-university-russellville,school_homepage,usa_master_923_backfill
US00675,usa,Louisiana Tech University Ruston,https://collegedunia.com/usa/university/1936-louisiana-tech-university-ruston,school_homepage,usa_master_923_backfill
US00676,usa,California State University Sacramento,https://collegedunia.com/usa/university/1937-california-state-university-sacramento,school_homepage,usa_master_923_backfill
US00677,usa,Lindenwood University Saint Charles,https://collegedunia.com/usa/university/1939-lindenwood-university-saint-charles,school_homepage,usa_master_923_backfill
US00678,usa,Dixie State University Saint George,https://collegedunia.com/usa/university/1940-dixie-state-university-saint-george,school_homepage,usa_master_923_backfill
US00679,usa,Missouri Western State University Saint Joseph,https://collegedunia.com/usa/university/1941-missouri-western-state-university-saint-joseph,school_homepage,usa_master_923_backfill
US00680,usa,Saint Leo University Saint Leo,https://collegedunia.com/usa/university/1942-saint-leo-university-saint-leo,school_homepage,usa_master_923_backfill
US00681,usa,Saint Louis University Saint Louis,https://collegedunia.com/usa/university/1943-saint-louis-university-saint-louis,school_homepage,new_vs_265
US00682,usa,Webster University Webster Groves,https://collegedunia.com/usa/university/1944-webster-university-webster-groves,school_homepage,usa_master_923_backfill
US00683,usa,Concordia University Saint Paul Saint Paul,https://collegedunia.com/usa/university/1949-concordia-university---saint-paul-saint-paul,school_homepage,usa_master_923_backfill
US00684,usa,University Of St Thomas Saint Paul,https://collegedunia.com/usa/university/1950-university-of-st-thomas-saint-paul,school_homepage,usa_master_923_backfill
US00685,usa,Metropolitan State University Saint Paul,https://collegedunia.com/usa/university/1951-metropolitan-state-university-saint-paul,school_homepage,usa_master_923_backfill
US00686,usa,Hamline University Saint Paul,https://collegedunia.com/usa/college/1953-hamline-university-saint-paul,school_homepage,usa_master_923_backfill
US00687,usa,Bethel University Saint Paul,https://collegedunia.com/usa/university/1954-bethel-university-saint-paul,school_homepage,usa_master_923_backfill
US00688,usa,University Of St Thomas Houston,https://collegedunia.com/usa/university/1955-university-of-st-thomas-houston,school_homepage,usa_master_923_backfill
US00689,usa,Willamette University Salem,https://collegedunia.com/usa/university/1959-willamette-university-salem,school_homepage,usa_master_923_backfill
US00690,usa,Salem State University Salem,https://collegedunia.com/usa/university/1960-salem-state-university-salem,school_homepage,usa_master_923_backfill
US00691,usa,Salem University Salem,https://collegedunia.com/usa/university/1962-salem-university-salem,school_homepage,usa_master_923_backfill
US00692,usa,Salisbury University Salisbury,https://collegedunia.com/usa/university/1965-salisbury-university-salisbury,school_homepage,usa_master_923_backfill
US00693,usa,University Of Utah Salt Lake City,https://collegedunia.com/usa/university/1966-university-of-utah-salt-lake-city,school_homepage,new_vs_265
US00694,usa,Westminster College Salt Lake City Salt Lake City,https://collegedunia.com/usa/college/1967-westminster-college-salt-lake-city-salt-lake-city,school_homepage,usa_master_923_backfill
US00695,usa,University Of Texas San Antonio,https://collegedunia.com/usa/university/1969-university-of-texas-san-antonio,school_homepage,usa_master_923_backfill
US00696,usa,University Of Texas Health Science Center San Antonio,https://collegedunia.com/usa/university/1970-university-of-texas-health-science-center-san-antonio,school_homepage,usa_master_923_backfill
US00697,usa,Trinity University San Antonio,https://collegedunia.com/usa/university/1971-trinity-university-san-antonio,school_homepage,usa_master_923_backfill
US00698,usa,University Of Incarnate Word San Antonio,https://collegedunia.com/usa/university/1972-university-of-incarnate-word-san-antonio,school_homepage,usa_master_923_backfill
US00699,usa,St Marys University San Antonio,https://collegedunia.com/usa/university/1973-st-marys-university-san-antonio,school_homepage,usa_master_923_backfill
US00700,usa,California State University San Bernardino,https://collegedunia.com/usa/university/1975-california-state-university-san-bernardino,school_homepage,usa_master_923_backfill
US00701,usa,University Of California San Diego,https://collegedunia.com/usa/university/1976-university-of-california-san-diego,school_homepage,base_265
US00702,usa,San Diego State University San Diego,https://collegedunia.com/usa/university/1977-san-diego-state-university-san-diego,school_homepage,new_vs_265
US00703,usa,University Of San Diego San Diego,https://collegedunia.com/usa/university/1978-university-of-san-diego-san-diego,school_homepage,new_vs_265
US00704,usa,Point Loma Nazarene University San Diego,https://collegedunia.com/usa/college/1979-point-loma-nazarene-university-san-diego,school_homepage,usa_master_923_backfill
US00705,usa,Newschool Of Architecture And Design San Diego,https://collegedunia.com/usa/college/1981-newschool-of-architecture-and-design-san-diego,school_homepage,usa_master_923_backfill
US00706,usa,California Miramar University San Diego,https://collegedunia.com/usa/university/1982-california-miramar-university-san-diego,school_homepage,usa_master_923_backfill
US00707,usa,University Of San Francisco San Francisco,https://collegedunia.com/usa/university/1985-university-of-san-francisco-san-francisco,school_homepage,new_vs_265
US00708,usa,University Of California San Francisco,https://collegedunia.com/usa/university/1986-university-of-california-san-francisco,school_homepage,new_vs_265
US00709,usa,San Francisco State University San Francisco,https://collegedunia.com/usa/university/1987-san-francisco-state-university-san-francisco,school_homepage,new_vs_265
US00710,usa,San Jose State University San Jose,https://collegedunia.com/usa/university/1996-san-jose-state-university-san-jose,school_homepage,base_265
US00711,usa,California Polytechnic State University San Luis Obispo,https://collegedunia.com/usa/university/1999-california-polytechnic-state-university-san-luis-obispo,school_homepage,usa_master_923_backfill
US00712,usa,Texas State University San Marcos,https://collegedunia.com/usa/university/2000-texas-state-university-san-marcos,school_homepage,new_vs_265
US00713,usa,California State University San Marcos,https://collegedunia.com/usa/university/2001-california-state-university-san-marcos,school_homepage,usa_master_923_backfill
US00714,usa,University Of California Santa Barbara,https://collegedunia.com/usa/university/2003-university-of-california-santa-barbara,school_homepage,usa_master_923_backfill
US00715,usa,Santa Clara University Santa Clara,https://collegedunia.com/usa/university/2005-santa-clara-university-santa-clara,school_homepage,new_vs_265
US00716,usa,University Of California Santa Cruz,https://collegedunia.com/usa/university/2008-university-of-california-santa-cruz,school_homepage,usa_master_923_backfill
US00717,usa,University Of South Florida Sarasota Manatee Sarasota,https://collegedunia.com/usa/university/2011-university-of-south-florida---sarasota-manatee-sarasota,school_homepage,usa_master_923_backfill
US00718,usa,Skidmore College Saratoga Springs,https://collegedunia.com/usa/college/2014-skidmore-college-saratoga-springs,school_homepage,usa_master_923_backfill
US00719,usa,Lake Superior State University Sault Ste Marie,https://collegedunia.com/usa/university/2015-lake-superior-state-university-sault-ste-marie,school_homepage,usa_master_923_backfill
US00720,usa,Georgia Southern University Savannah,https://collegedunia.com/usa/university/2016-georgia-southern-university-savannah,school_homepage,usa_master_923_backfill
US00721,usa,Savannah State University Savannah,https://collegedunia.com/usa/university/2018-savannah-state-university-savannah,school_homepage,usa_master_923_backfill
US00722,usa,Union College Schenectady,https://collegedunia.com/usa/college/2019-union-college-schenectady,school_homepage,usa_master_923_backfill
US00723,usa,University Of Scranton Scranton,https://collegedunia.com/usa/university/2020-university-of-scranton-scranton,school_homepage,usa_master_923_backfill
US00724,usa,Marywood University Scranton,https://collegedunia.com/usa/university/2021-marywood-university-scranton,school_homepage,usa_master_923_backfill
US00725,usa,Harding University Searcy,https://collegedunia.com/usa/university/2022-harding-university-searcy,school_homepage,usa_master_923_backfill
US00726,usa,California State University Monterey Bay Seaside,https://collegedunia.com/usa/university/2023-california-state-university---monterey-bay-seaside,school_homepage,usa_master_923_backfill
US00727,usa,Seattle University Seattle,https://collegedunia.com/usa/university/2024-seattle-university-seattle,school_homepage,new_vs_265
US00728,usa,Seattle Pacific University Seattle,https://collegedunia.com/usa/university/2025-seattle-pacific-university-seattle,school_homepage,usa_master_923_backfill
US00729,usa,City University Of Seattle Seattle,https://collegedunia.com/usa/university/2026-city-university-of-seattle-seattle,school_homepage,new_vs_265
US00730,usa,Susquehanna University Selinsgrove,https://collegedunia.com/usa/university/2028-susquehanna-university-selinsgrove,school_homepage,usa_master_923_backfill
US00731,usa,Shepherd University Shepherdstown,https://collegedunia.com/usa/university/2034-shepherd-university-shepherdstown,school_homepage,usa_master_923_backfill
US00732,usa,Austin College Sherman,https://collegedunia.com/usa/college/2035-austin-college-sherman,school_homepage,usa_master_923_backfill
US00733,usa,Shippensburg University Of Pennsylvania Shippensburg,https://collegedunia.com/usa/university/2036-shippensburg-university-of-pennsylvania-shippensburg,school_homepage,usa_master_923_backfill
US00734,usa,Louisiana State University Shreveport Shreveport,https://collegedunia.com/usa/university/2037-louisiana-state-university-shreveport-shreveport,school_homepage,usa_master_923_backfill
US00735,usa,John Brown University Siloam Springs,https://collegedunia.com/usa/college/2039-john-brown-university-siloam-springs,school_homepage,usa_master_923_backfill
US00736,usa,Augustana University Sioux Falls,https://collegedunia.com/usa/university/2042-augustana-university-sioux-falls,school_homepage,usa_master_923_backfill
US00737,usa,Bryant University Smithfield,https://collegedunia.com/usa/university/2043-bryant-university-smithfield,school_homepage,usa_master_923_backfill
US00738,usa,Indiana University South Bend South Bend,https://collegedunia.com/usa/university/2045-indiana-university-south-bend-south-bend,school_homepage,usa_master_923_backfill
US00739,usa,Mount Holyoke College South Hadley,https://collegedunia.com/usa/college/2046-mount-holyoke-college-south-hadley,school_homepage,usa_master_923_backfill
US00740,usa,Seton Hall University South Orange,https://collegedunia.com/usa/university/2048-seton-hall-university-south-orange,school_homepage,usa_master_923_backfill
US00741,usa,Lawrence Technological University Southfield,https://collegedunia.com/usa/university/2049-lawrence-technological-university-southfield,school_homepage,new_vs_265
US00742,usa,University Of South Carolina Upstate Spartanburg,https://collegedunia.com/usa/university/2051-university-of-south-carolina---upstate-spartanburg,school_homepage,usa_master_923_backfill
US00743,usa,Black Hills State University Spearfish,https://collegedunia.com/usa/university/2053-black-hills-state-university-spearfish,school_homepage,usa_master_923_backfill
US00744,usa,Gonzaga University Spokane,https://collegedunia.com/usa/university/2054-gonzaga-university-spokane,school_homepage,usa_master_923_backfill
US00745,usa,Missouri State University Springfield,https://collegedunia.com/usa/university/2055-missouri-state-university-springfield,school_homepage,usa_master_923_backfill
US00746,usa,Western New England University Springfield,https://collegedunia.com/usa/university/2056-western-new-england-university-springfield,school_homepage,usa_master_923_backfill
US00747,usa,University Of Illinois Springfield,https://collegedunia.com/usa/university/2057-university-of-illinois-springfield,school_homepage,usa_master_923_backfill
US00748,usa,American International College Springfield,https://collegedunia.com/usa/college/2058-american-international-college-springfield,school_homepage,usa_master_923_backfill
US00749,usa,Springfield College Springfield,https://collegedunia.com/usa/college/2059-springfield-college-springfield,school_homepage,usa_master_923_backfill
US00750,usa,Wittenberg University Springfield,https://collegedunia.com/usa/college/2060-wittenberg-university-springfield,school_homepage,usa_master_923_backfill
US00751,usa,Drury University Springfield,https://collegedunia.com/usa/university/2061-drury-university-springfield,school_homepage,usa_master_923_backfill
US00752,usa,Saint Cloud State University St Cloud,https://collegedunia.com/usa/university/2063-saint-cloud-state-university-st-cloud,school_homepage,usa_master_923_backfill
US00753,usa,Eastern University St Davids,https://collegedunia.com/usa/university/2064-eastern-university-st-davids,school_homepage,usa_master_923_backfill
US00754,usa,Washington University St Louis,https://collegedunia.com/usa/university/2066-washington-university-st-louis,school_homepage,new_vs_265
US00755,usa,Maryville University St Louis,https://collegedunia.com/usa/university/2069-maryville-university-st-louis,school_homepage,usa_master_923_backfill
US00756,usa,University Of Missouri St Louis,https://collegedunia.com/usa/university/2070-university-of-missouri-st-louis,school_homepage,usa_master_923_backfill
US00757,usa,University Of South Florida St Petersburg,https://collegedunia.com/usa/university/2071-university-of-south-florida-st-petersburg,school_homepage,usa_master_923_backfill
US00758,usa,North American University Stafford,https://collegedunia.com/usa/university/2073-north-american-university-stafford,school_homepage,usa_master_923_backfill
US00759,usa,Stanford University Stanford,https://collegedunia.com/usa/university/2074-stanford-university-stanford,school_homepage,new_vs_265
US00760,usa,College Of Staten Island Staten Island,https://collegedunia.com/usa/college/2075-college-of-staten-island-staten-island,school_homepage,usa_master_923_backfill
US00761,usa,Wagner College Staten Island,https://collegedunia.com/usa/college/2076-wagner-college-staten-island,school_homepage,usa_master_923_backfill
US00762,usa,Georgia Southern University Statesboro,https://collegedunia.com/usa/university/2077-georgia-southern-university-statesboro,school_homepage,usa_master_923_backfill
US00763,usa,Tarleton State University Stephenville,https://collegedunia.com/usa/university/2078-tarleton-state-university-stephenville,school_homepage,usa_master_923_backfill
US00764,usa,University Of Wisconsin Stevens Point,https://collegedunia.com/usa/university/2080-university-of-wisconsin-stevens-point,school_homepage,usa_master_923_backfill
US00765,usa,Oklahoma State University Stillwater,https://collegedunia.com/usa/university/2081-oklahoma-state-university-stillwater,school_homepage,new_vs_265
US00766,usa,University Of Pacific Stockton,https://collegedunia.com/usa/university/2083-university-of-pacific-stockton,school_homepage,usa_master_923_backfill
US00767,usa,Stony Brook University Stony Brook,https://collegedunia.com/usa/university/2084-stony-brook-university-stony-brook,school_homepage,new_vs_265
US00768,usa,University Of Connecticut Storrs,https://collegedunia.com/usa/university/2086-university-of-connecticut-storrs,school_homepage,base_265
US00769,usa,Swarthmore College Swarthmore,https://collegedunia.com/usa/college/2088-swarthmore-college-swarthmore,school_homepage,usa_master_923_backfill
US00770,usa,Sweet Briar College Sweet Briar,https://collegedunia.com/usa/college/2089-sweet-briar-college-sweet-briar,school_homepage,usa_master_923_backfill
US00771,usa,Syracuse University Syracuse,https://collegedunia.com/usa/university/2091-syracuse-university-syracuse,school_homepage,new_vs_265
US00772,usa,Suny Downstate Medical Center Brooklyn,https://collegedunia.com/usa/college/2093-suny-downstate-medical-center-brooklyn,school_homepage,usa_master_923_backfill
US00773,usa,University Of Washington Seattle,https://collegedunia.com/usa/university/2096-university-of-washington-seattle,school_homepage,new_vs_265
US00774,usa,Pacific Lutheran University Tacoma,https://collegedunia.com/usa/university/2098-pacific-lutheran-university-tacoma,school_homepage,usa_master_923_backfill
US00775,usa,University Of Washington Tacoma,https://collegedunia.com/usa/university/2100-university-of-washington-tacoma,school_homepage,new_vs_265
US00776,usa,Northeastern State University Tahlequah,https://collegedunia.com/usa/university/2101-northeastern-state-university-tahlequah,school_homepage,usa_master_923_backfill
US00777,usa,Florida State University Tallahassee,https://collegedunia.com/usa/university/2103-florida-state-university-tallahassee,school_homepage,new_vs_265
US00778,usa,Florida Agricultural Mechanical University Tallahassee,https://collegedunia.com/usa/university/2104-florida-agricultural--mechanical-university-tallahassee,school_homepage,usa_master_923_backfill
US00779,usa,University Of South Florida Tampa,https://collegedunia.com/usa/university/2105-university-of-south-florida-tampa,school_homepage,usa_master_923_backfill
US00780,usa,University Of Tampa Tampa,https://collegedunia.com/usa/university/2107-university-of-tampa-tampa,school_homepage,usa_master_923_backfill
US00781,usa,Fairleigh Dickinson University Teaneck,https://collegedunia.com/usa/college/2109-fairleigh-dickinson-university-teaneck,school_homepage,usa_master_923_backfill
US00782,usa,Arizona State University Tempe,https://collegedunia.com/usa/university/2110-arizona-state-university-tempe,school_homepage,base_265
US00783,usa,University Of Phoenix Tempe,https://collegedunia.com/usa/university/2112-university-of-phoenix-tempe,school_homepage,new_vs_265
US00784,usa,University Of Advancing Technology Tempe,https://collegedunia.com/usa/university/2113-university-of-advancing-technology-tempe,school_homepage,new_vs_265
US00785,usa,Rose Hulman Institute Of Technology Terre Haute,https://collegedunia.com/usa/college/2115-rose-hulman-institute-of-technology-terre-haute,school_homepage,usa_master_923_backfill
US00786,usa,Nicholls State University Thibodaux,https://collegedunia.com/usa/university/2117-nicholls-state-university-thibodaux,school_homepage,usa_master_923_backfill
US00787,usa,California Lutheran University Thousand Oaks,https://collegedunia.com/usa/university/2118-california-lutheran-university-thousand-oaks,school_homepage,usa_master_923_backfill
US00788,usa,Heidelberg University Tiffin,https://collegedunia.com/usa/university/2119-heidelberg-university-tiffin,school_homepage,usa_master_923_backfill
US00789,usa,Tiffin University Tiffin,https://collegedunia.com/usa/university/2120-tiffin-university-tiffin,school_homepage,usa_master_923_backfill
US00790,usa,University Of Toledo Toledo,https://collegedunia.com/usa/university/2121-university-of-toledo-toledo,school_homepage,new_vs_265
US00791,usa,Washburn University Topeka,https://collegedunia.com/usa/university/2122-washburn-university-topeka,school_homepage,usa_master_923_backfill
US00792,usa,Towson University Towson,https://collegedunia.com/usa/university/2123-towson-university-towson,school_homepage,usa_master_923_backfill
US00793,usa,Rensselaer Polytechnic Institute Troy,https://collegedunia.com/usa/university/2124-rensselaer-polytechnic-institute-troy,school_homepage,usa_master_923_backfill
US00794,usa,Troy University Troy,https://collegedunia.com/usa/university/2125-troy-university-troy,school_homepage,usa_master_923_backfill
US00795,usa,University Of Arizona Tucson,https://collegedunia.com/usa/university/2127-university-of-arizona-tucson,school_homepage,base_265
US00796,usa,University Of Tulsa Tulsa,https://collegedunia.com/usa/university/2129-university-of-tulsa-tulsa,school_homepage,usa_master_923_backfill
US00797,usa,Oral Roberts University Tulsa,https://collegedunia.com/usa/university/2130-oral-roberts-university-tulsa,school_homepage,usa_master_923_backfill
US00798,usa,California State University Stanislaus Turlock,https://collegedunia.com/usa/university/2131-california-state-university---stanislaus-turlock,school_homepage,usa_master_923_backfill
US00799,usa,University Of Alabama Tuscaloosa,https://collegedunia.com/usa/university/2132-university-of-alabama-tuscaloosa,school_homepage,usa_master_923_backfill
US00800,usa,Tuskegee University Tuskegee,https://collegedunia.com/usa/university/2133-tuskegee-university-tuskegee,school_homepage,usa_master_923_backfill
US00801,usa,University Of Texas Tyler,https://collegedunia.com/usa/university/2134-university-of-texas-tyler,school_homepage,usa_master_923_backfill
US00802,usa,Kean University Union,https://collegedunia.com/usa/university/2135-kean-university-union,school_homepage,usa_master_923_backfill
US00803,usa,Saginaw Valley State University University Center,https://collegedunia.com/usa/university/2136-saginaw-valley-state-university-university-center,school_homepage,usa_master_923_backfill
US00804,usa,John Carroll University University Heights,https://collegedunia.com/usa/university/2137-john-carroll-university-university-heights,school_homepage,usa_master_923_backfill
US00805,usa,Pennsylvania State University State College,https://collegedunia.com/usa/university/2139-pennsylvania-state-university-state-college,school_homepage,new_vs_265
US00806,usa,Taylor University Upland,https://collegedunia.com/usa/college/2140-taylor-university-upland,school_homepage,usa_master_923_backfill
US00807,usa,University Of Illinois Urbana,https://collegedunia.com/usa/university/2141-university-of-illinois-urbana,school_homepage,base_265
US00808,usa,Utica College Utica,https://collegedunia.com/usa/university/2143-utica-college-utica,school_homepage,usa_master_923_backfill
US00809,usa,Valdosta State University Valdosta,https://collegedunia.com/usa/university/2145-valdosta-state-university-valdosta,school_homepage,usa_master_923_backfill
US00810,usa,University Of South Dakota Vermillion,https://collegedunia.com/usa/university/2149-university-of-south-dakota-vermillion,school_homepage,new_vs_265
US00811,usa,University Of Houston Victoria,https://collegedunia.com/usa/university/2150-university-of-houston-victoria,school_homepage,usa_master_923_backfill
US00812,usa,Iglobal University Vienna,https://collegedunia.com/usa/university/2151-iglobal-university-vienna,school_homepage,usa_master_923_backfill
US00813,usa,Villanova University Villanova,https://collegedunia.com/usa/university/2154-villanova-university-villanova,school_homepage,usa_master_923_backfill
US00814,usa,Regent University Virginia Beach,https://collegedunia.com/usa/university/2155-regent-university-virginia-beach,school_homepage,usa_master_923_backfill
US00815,usa,Ecpi University Richmond,https://collegedunia.com/usa/university/2156-ecpi-university-richmond,school_homepage,usa_master_923_backfill
US00816,usa,Baylor University Waco,https://collegedunia.com/usa/university/2157-baylor-university-waco,school_homepage,new_vs_265
US00817,usa,Brandeis University Waltham,https://collegedunia.com/usa/university/2159-brandeis-university-waltham,school_homepage,new_vs_265
US00818,usa,Bentley University Waltham,https://collegedunia.com/usa/university/2160-bentley-university-waltham,school_homepage,usa_master_923_backfill
US00819,usa,University Of Central Missouri Warrensburg,https://collegedunia.com/usa/university/2161-university-of-central-missouri-warrensburg,school_homepage,new_vs_265
US00820,usa,George Washington University Washington,https://collegedunia.com/usa/university/2162-george-washington-university-washington,school_homepage,new_vs_265
US00821,usa,Georgetown University Washington,https://collegedunia.com/usa/university/2163-georgetown-university-washington,school_homepage,new_vs_265
US00822,usa,Kogod School Of Business Washington,https://collegedunia.com/usa/college/2164-kogod-school-of-business-washington,school_homepage,usa_master_923_backfill
US00823,usa,Howard University Washington,https://collegedunia.com/usa/university/2165-howard-university-washington,school_homepage,new_vs_265
US00824,usa,Catholic University Of America Washington,https://collegedunia.com/usa/university/2166-catholic-university-of-america-washington,school_homepage,usa_master_923_backfill
US00825,usa,Gallaudet University Washington,https://collegedunia.com/usa/university/2167-gallaudet-university-washington,school_homepage,usa_master_923_backfill
US00826,usa,University Of The District Of Columbia Washington,https://collegedunia.com/usa/university/2168-university-of-the-district-of-columbia-washington,school_homepage,usa_master_923_backfill
US00827,usa,Washington And Jefferson College Washington,https://collegedunia.com/usa/college/2169-washington-and-jefferson-college-washington,school_homepage,usa_master_923_backfill
US00828,usa,American University Washington,https://collegedunia.com/usa/university/2170-american-university-washington,school_homepage,usa_master_923_backfill
US00829,usa,Colby College Waterville,https://collegedunia.com/usa/college/2175-colby-college-waterville,school_homepage,usa_master_923_backfill
US00830,usa,Carroll University Waukesha,https://collegedunia.com/usa/university/2176-carroll-university-waukesha,school_homepage,usa_master_923_backfill
US00831,usa,William Paterson University Of New Jersey Wayne,https://collegedunia.com/usa/university/2178-william-paterson-university-of-new-jersey-wayne,school_homepage,usa_master_923_backfill
US00832,usa,Wayne State College Wayne,https://collegedunia.com/usa/college/2179-wayne-state-college-wayne,school_homepage,usa_master_923_backfill
US00833,usa,Southwestern Oklahoma State University Weatherford,https://collegedunia.com/usa/university/2180-southwestern-oklahoma-state-university-weatherford,school_homepage,usa_master_923_backfill
US00834,usa,Babson College Wellesley,https://collegedunia.com/usa/college/2181-babson-college-wellesley,school_homepage,new_vs_265
US00835,usa,Wellesley College Wellesley,https://collegedunia.com/usa/college/2182-wellesley-college-wellesley,school_homepage,usa_master_923_backfill
US00836,usa,West Chester University West Chester,https://collegedunia.com/usa/university/2184-west-chester-university-west-chester,school_homepage,usa_master_923_backfill
US00837,usa,University Of New Haven West Haven,https://collegedunia.com/usa/university/2186-university-of-new-haven-west-haven,school_homepage,new_vs_265
US00838,usa,Purdue University West Lafayette,https://collegedunia.com/usa/university/2187-purdue-university-west-lafayette,school_homepage,base_265
US00839,usa,Monmouth University West Long Branch,https://collegedunia.com/usa/university/2189-monmouth-university-west-long-branch,school_homepage,usa_master_923_backfill
US00840,usa,Palm Beach Atlantic University West Palm Beach,https://collegedunia.com/usa/university/2190-palm-beach-atlantic-university-west-palm-beach,school_homepage,usa_master_923_backfill
US00841,usa,Otterbein University Westerville,https://collegedunia.com/usa/university/2192-otterbein-university-westerville,school_homepage,usa_master_923_backfill
US00842,usa,Westfield State University Westfield,https://collegedunia.com/usa/university/2193-westfield-state-university-westfield,school_homepage,usa_master_923_backfill
US00843,usa,Whittier College Whittier,https://collegedunia.com/usa/college/2200-whittier-college-whittier,school_homepage,usa_master_923_backfill
US00844,usa,Wichita State University Wichita,https://collegedunia.com/usa/university/2201-wichita-state-university-wichita,school_homepage,usa_master_923_backfill
US00845,usa,Midwestern State University Wichita Falls,https://collegedunia.com/usa/university/2202-midwestern-state-university-wichita-falls,school_homepage,usa_master_923_backfill
US00846,usa,Wilkes University Wilkes Barre,https://collegedunia.com/usa/university/2203-wilkes-university-wilkes-barre,school_homepage,usa_master_923_backfill
US00847,usa,College Of William Mary Williamsburg,https://collegedunia.com/usa/college/2205-college-of-william--mary-williamsburg,school_homepage,usa_master_923_backfill
US00848,usa,Pennsylvania College Of Technology Williamsport,https://collegedunia.com/usa/college/2207-pennsylvania-college-of-technology-williamsport,school_homepage,usa_master_923_backfill
US00849,usa,Williams College Williamstown,https://collegedunia.com/usa/college/2208-williams-college-williamstown,school_homepage,usa_master_923_backfill
US00850,usa,University Of North Carolina Wilmington,https://collegedunia.com/usa/university/2210-university-of-north-carolina-wilmington,school_homepage,usa_master_923_backfill
US00851,usa,Goldey Beacom College Wilmington,https://collegedunia.com/usa/college/2211-goldey-beacom-college-wilmington,school_homepage,usa_master_923_backfill
US00852,usa,Wingate University Wingate,https://collegedunia.com/usa/university/2215-wingate-university-wingate,school_homepage,usa_master_923_backfill
US00853,usa,Winona State University Winona,https://collegedunia.com/usa/university/2216-winona-state-university-winona,school_homepage,usa_master_923_backfill
US00854,usa,Saint Marys University Of Minnesota Winona,https://collegedunia.com/usa/university/2217-saint-marys-university-of-minnesota-winona,school_homepage,usa_master_923_backfill
US00855,usa,Wake Forest University Winston Salem,https://collegedunia.com/usa/university/2219-wake-forest-university-winston-salem,school_homepage,usa_master_923_backfill
US00856,usa,Winston Salem State University Winston Salem,https://collegedunia.com/usa/university/2220-winston-salem-state-university-winston-salem,school_homepage,usa_master_923_backfill
US00857,usa,Full Sail University Winter Park,https://collegedunia.com/usa/university/2222-full-sail-university-winter-park,school_homepage,usa_master_923_backfill
US00858,usa,Rollins College Winter Park,https://collegedunia.com/usa/college/2223-rollins-college-winter-park,school_homepage,usa_master_923_backfill
US00859,usa,The College Of Wooster Wooster,https://collegedunia.com/usa/college/2224-the-college-of-wooster-wooster,school_homepage,usa_master_923_backfill
US00860,usa,Clark University Worcester,https://collegedunia.com/usa/university/2225-clark-university-worcester,school_homepage,new_vs_265
US00861,usa,Worcester Polytechnic Institute Worcester,https://collegedunia.com/usa/university/2226-worcester-polytechnic-institute-worcester,school_homepage,new_vs_265
US00862,usa,Assumption College Worcester,https://collegedunia.com/usa/college/2228-assumption-college-worcester,school_homepage,usa_master_923_backfill
US00863,usa,Becker College Worcester,https://collegedunia.com/usa/college/2229-becker-college-worcester,school_homepage,usa_master_923_backfill
US00864,usa,Worcester State University Worcester,https://collegedunia.com/usa/university/2230-worcester-state-university-worcester,school_homepage,usa_master_923_backfill
US00865,usa,College Of Holy Cross Worcester,https://collegedunia.com/usa/college/2231-college-of-holy-cross-worcester,school_homepage,usa_master_923_backfill
US00866,usa,York College Of Pennsylvania York,https://collegedunia.com/usa/college/2233-york-college-of-pennsylvania-york,school_homepage,usa_master_923_backfill
US00867,usa,Youngstown State University Youngstown,https://collegedunia.com/usa/university/2234-youngstown-state-university-youngstown,school_homepage,usa_master_923_backfill
US00868,usa,Eastern Michigan University Ypsilanti,https://collegedunia.com/usa/university/2235-eastern-michigan-university-ypsilanti,school_homepage,usa_master_923_backfill
US00869,usa,University Of Minnesota Duluth Duluth,https://collegedunia.com/usa/college/2320-university-of-minnesota--duluth-duluth,school_homepage,usa_master_923_backfill
US00870,usa,University Of Puerto Rico Mayaguez,https://collegedunia.com/usa/university/2322-university-of-puerto-rico-mayaguez,school_homepage,usa_master_923_backfill
US00871,usa,College Of Engineering Carnegie Mellon University Pittsburgh,https://collegedunia.com/usa/college/2368-college-of-engineering-carnegie-mellon-university-pittsburgh,school_homepage,usa_master_923_backfill
US00872,usa,College Of Fine Arts Carnegie Mellon University Pittsburgh,https://collegedunia.com/usa/college/2369-college-of-fine-arts-carnegie-mellon-university-pittsburgh,school_homepage,new_vs_265
US00873,usa,Harvard Extension School Cambridge,https://collegedunia.com/usa/college/2708-harvard-extension-school-cambridge,school_homepage,new_vs_265
US00874,usa,Harvard Kennedy School Cambridge,https://collegedunia.com/usa/college/2709-harvard-kennedy-school-cambridge,school_homepage,new_vs_265
US00875,usa,Mit Sloan School Of Management Cambridge,https://collegedunia.com/usa/college/2733-mit-sloan-school-of-management-cambridge,school_homepage,usa_master_923_backfill
US00876,usa,Haas School Of Business Berkeley,https://collegedunia.com/usa/college/2735-haas-school-of-business-berkeley,school_homepage,usa_master_923_backfill
US00877,usa,Yale School Of Management New Haven,https://collegedunia.com/usa/college/2736-yale-school-of-management-new-haven,school_homepage,new_vs_265
US00878,usa,Stern School Of Business New York City,https://collegedunia.com/usa/college/2741-stern-school-of-business-new-york-city,school_homepage,usa_master_923_backfill
US00879,usa,Ross School Of Business Ann Arbor,https://collegedunia.com/usa/college/2744-ross-school-of-business-ann-arbor,school_homepage,usa_master_923_backfill
US00880,usa,Tepper School Of Business Pittsburgh,https://collegedunia.com/usa/college/2746-tepper-school-of-business-pittsburgh,school_homepage,usa_master_923_backfill
US00881,usa,Mccombs School Of Business Austin,https://collegedunia.com/usa/college/2747-mccombs-school-of-business-austin,school_homepage,usa_master_923_backfill
US00882,usa,Goizueta Business School Atlanta,https://collegedunia.com/usa/college/2748-goizueta-business-school-atlanta,school_homepage,usa_master_923_backfill
US00883,usa,Marshall Business School Los Angeles,https://collegedunia.com/usa/college/2751-marshall-business-school-los-angeles,school_homepage,usa_master_923_backfill
US00884,usa,Olin Business School St Louis,https://collegedunia.com/usa/college/2756-olin-business-school-st-louis,school_homepage,usa_master_923_backfill
US00885,usa,Scheller College Of Business Atlanta,https://collegedunia.com/usa/college/2759-scheller-college-of-business-atlanta,school_homepage,usa_master_923_backfill
US00886,usa,W P Carey School Of Business Tempe,https://collegedunia.com/usa/college/2760-w-p-carey-school-of-business-tempe,school_homepage,usa_master_923_backfill
US00887,usa,Smeal College Of Business University Park,https://collegedunia.com/usa/college/2761-smeal-college-of-business-university-park,school_homepage,usa_master_923_backfill
US00888,usa,Robert H Smith School Of Business College Park,https://collegedunia.com/usa/college/2764-robert-h-smith-school-of-business-college-park,school_homepage,usa_master_923_backfill
US00889,usa,Krannert School Of Management West Lafayette,https://collegedunia.com/usa/college/2765-krannert-school-of-management-west-lafayette,school_homepage,usa_master_923_backfill
US00890,usa,Wisconsin School Of Business Madison,https://collegedunia.com/usa/college/2767-wisconsin-school-of-business-madison,school_homepage,usa_master_923_backfill
US00891,usa,Carlson School Of Management Minneapolis,https://collegedunia.com/usa/college/2768-carlson-school-of-management-minneapolis,school_homepage,usa_master_923_backfill
US00892,usa,Cox School Of Business Dallas,https://collegedunia.com/usa/college/2771-cox-school-of-business-dallas,school_homepage,usa_master_923_backfill
US00893,usa,Mays Business School College Station,https://collegedunia.com/usa/college/2773-mays-business-school-college-station,school_homepage,usa_master_923_backfill
US00894,usa,School Of Business University Of Connecticut Storrs,https://collegedunia.com/usa/college/2777-school-of-business-university-of-connecticut-storrs,school_homepage,usa_master_923_backfill
US00895,usa,Rutgers Business School Piscataway,https://collegedunia.com/usa/college/2778-rutgers-business-school-piscataway,school_homepage,usa_master_923_backfill
US00896,usa,Foisie Business School Worcester,https://collegedunia.com/usa/college/2816-foisie-business-school-worcester,school_homepage,usa_master_923_backfill
US00897,usa,Gatton College Of Business And Economics Lexington,https://collegedunia.com/usa/college/2817-gatton-college-of-business-and-economics-lexington,school_homepage,usa_master_923_backfill
US00898,usa,College Of Business Oregon State University Corvallis,https://collegedunia.com/usa/college/2818-college-of-business-oregon-state-university-corvallis,school_homepage,usa_master_923_backfill
US00899,usa,Trulaske College Of Business University Of Missouri Columbia,https://collegedunia.com/usa/college/2819-trulaske-college-of-business-university-of-missouri-columbia,school_homepage,usa_master_923_backfill
US00900,usa,Zicklin School Of Business New York City,https://collegedunia.com/usa/college/2823-zicklin-school-of-business-new-york-city,school_homepage,usa_master_923_backfill
US00901,usa,College Of Business And Economics Lehigh University Bethlehem,https://collegedunia.com/usa/college/2824-college-of-business-and-economics-lehigh-university-bethlehem,school_homepage,usa_master_923_backfill
US00902,usa,College Of Business University Of Michigan Dearborn Dearborn,https://collegedunia.com/usa/college/2825-college-of-business-university-of-michigan-dearborn-dearborn,school_homepage,usa_master_923_backfill
US00903,usa,Hough Graduate School Of Business Gainesville,https://collegedunia.com/usa/college/2826-hough-graduate-school-of-business-gainesville,school_homepage,usa_master_923_backfill
US00904,usa,Beacom School Of Business Vermillion,https://collegedunia.com/usa/college/2827-beacom-school-of-business-vermillion,school_homepage,usa_master_923_backfill
US00905,usa,College Of Business Albany State University Albany,https://collegedunia.com/usa/college/2828-college-of-business-albany-state-university-albany,school_homepage,usa_master_923_backfill
US00906,usa,Fox School Of Business And Management Philadelphia,https://collegedunia.com/usa/college/2829-fox-school-of-business-and-management-philadelphia,school_homepage,usa_master_923_backfill
US00907,usa,Alfred Lerner College Of Business And Economics The University Of Delaware Newark,https://collegedunia.com/usa/college/2834-alfred-lerner-college-of-business-and-economics-the-university-of-delaware-newark,school_homepage,usa_master_923_backfill
US00908,usa,Weatherhead School Of Management Cleveland,https://collegedunia.com/usa/college/2836-weatherhead-school-of-management-cleveland,school_homepage,usa_master_923_backfill
US00909,usa,Darla Moore School Of Business Columbia,https://collegedunia.com/usa/college/2837-darla-moore-school-of-business-columbia,school_homepage,usa_master_923_backfill
US00910,usa,Sawyer Business School Boston,https://collegedunia.com/usa/college/2839-sawyer-business-school-boston,school_homepage,usa_master_923_backfill
US00911,usa,College Of Business Northern Illinois University Dekalb,https://collegedunia.com/usa/college/2841-college-of-business-northern-illinois-university-dekalb,school_homepage,usa_master_923_backfill
US00912,usa,Muma College Of Business University Of South Florida Tampa,https://collegedunia.com/usa/college/2842-muma-college-of-business-university-of-south-florida-tampa,school_homepage,usa_master_923_backfill
US00913,usa,Neeley School Of Business Fort Worth,https://collegedunia.com/usa/college/2845-neeley-school-of-business-fort-worth,school_homepage,usa_master_923_backfill
US00914,usa,Haub School Of Business Philadelphia,https://collegedunia.com/usa/college/2846-haub-school-of-business-philadelphia,school_homepage,usa_master_923_backfill
US00915,usa,College Of Business California State University Long Beach Long Beach,https://collegedunia.com/usa/college/2847-college-of-business-california-state-university---long-beach-long-beach,school_homepage,usa_master_923_backfill
US00916,usa,Masagung Graduate School Of Management San Francisco,https://collegedunia.com/usa/college/2848-masagung-graduate-school-of-management-san-francisco,school_homepage,usa_master_923_backfill
US00917,usa,Tobin College Of Business Jamaica,https://collegedunia.com/usa/college/2849-tobin-college-of-business-jamaica,school_homepage,usa_master_923_backfill
US00918,usa,College Of Business University Of Texas At Arlington Arlington,https://collegedunia.com/usa/college/2851-college-of-business-university-of-texas-at-arlington-arlington,school_homepage,usa_master_923_backfill
US00919,usa,Saunders College Of Business Rochester,https://collegedunia.com/usa/college/2852-saunders-college-of-business-rochester,school_homepage,usa_master_923_backfill
US00920,usa,Miami Business School Coral Gables,https://collegedunia.com/usa/college/2853-miami-business-school-coral-gables,school_homepage,usa_master_923_backfill
US00921,usa,School Of Business Wake Forest University Winston Salem,https://collegedunia.com/usa/college/2855-school-of-business-wake-forest-university-winston-salem,school_homepage,usa_master_923_backfill
US00922,usa,Golden Gate University San Francisco,https://collegedunia.com/usa/university/2863-golden-gate-university-san-francisco,school_homepage,usa_master_923_backfill
US00923,usa,Rivier University Nashua,https://collegedunia.com/usa/university/2875-rivier-university-nashua,school_homepage,new_vs_265
US00924,usa,California State University Dominguez Hills Carson,https://collegedunia.com/usa/university/2923-california-state-university-dominguez-hills-carson,school_homepage,usa_master_923_backfill
US00925,usa,Concordia University Chicago River Forest,https://collegedunia.com/usa/university/3078-concordia-university-chicago-river-forest,school_homepage,usa_master_923_backfill
US00926,usa,Thomas College Waterville,https://collegedunia.com/usa/college/3515-thomas-college-waterville,school_homepage,usa_master_923_backfill
US00927,usa,New York University Tandon School Of Engineering Brooklyn,https://collegedunia.com/usa/college/3583-new-york-university-tandon-school-of-engineering-brooklyn,school_homepage,usa_master_923_backfill
US00928,usa,Nexford University Washington,https://collegedunia.com/usa/university/3585-nexford-university-washington,school_homepage,usa_master_923_backfill
US00929,usa,Cornell Tech Ithaca,https://collegedunia.com/usa/college/3638-cornell-tech-ithaca,school_homepage,new_vs_265
US00930,usa,Westcliff University Irvine,https://collegedunia.com/usa/university/3657-westcliff-university-irvine,school_homepage,usa_master_923_backfill
US00931,usa,Herzing University Milwaukee,https://collegedunia.com/usa/university/3667-herzing-university-milwaukee,school_homepage,usa_master_923_backfill
US00932,usa,Minerva University San Francisco,https://collegedunia.com/usa/university/3711-minerva-university-san-francisco,school_homepage,new_vs_265
US00933,usa,Governors State University Chicago,https://collegedunia.com/usa/university/3712-governors-state-university-chicago,school_homepage,usa_master_923_backfill
AU00001,australia,Flinders University Adelaide,https://collegedunia.com/australia/university/589-flinders-university-adelaide,school_homepage,new_vs_265
AU00002,australia,University Of Adelaide Adelaide,https://collegedunia.com/australia/university/590-university-of-adelaide-adelaide,school_homepage,base_265
AU00003,australia,University Of South Australia Adelaide,https://collegedunia.com/australia/university/591-university-of-south-australia-adelaide,school_homepage,base_265
AU00004,australia,University Of New England Armidale,https://collegedunia.com/australia/university/592-university-of-new-england-armidale,school_homepage,new_vs_265
AU00005,australia,Australian Catholic University Brisbane,https://collegedunia.com/australia/university/593-australian-catholic-university-brisbane,school_homepage,new_vs_265
AU00006,australia,Griffith University Brisbane,https://collegedunia.com/australia/university/594-griffith-university-brisbane,school_homepage,new_vs_265
AU00007,australia,Queensland University Of Technology Brisbane,https://collegedunia.com/australia/university/595-queensland-university-of-technology-brisbane,school_homepage,base_265
AU00008,australia,The University Of Queensland Brisbane,https://collegedunia.com/australia/university/596-the-university-of-queensland-brisbane,school_homepage,base_265
AU00009,australia,Australian National University Canberra,https://collegedunia.com/australia/university/597-australian-national-university-canberra,school_homepage,new_vs_265
AU00010,australia,University Of Canberra Canberra,https://collegedunia.com/australia/university/598-university-of-canberra-canberra,school_homepage,new_vs_265
AU00011,australia,Charles Darwin University Darwin,https://collegedunia.com/australia/university/599-charles-darwin-university-darwin,school_homepage,new_vs_265
AU00012,australia,Deakin University Geelong,https://collegedunia.com/australia/university/600-deakin-university-geelong,school_homepage,new_vs_265
AU00013,australia,Bond University Gold Coast,https://collegedunia.com/australia/university/601-bond-university-gold-coast,school_homepage,new_vs_265
AU00014,australia,University Of Tasmania Hobart,https://collegedunia.com/australia/university/602-university-of-tasmania-hobart,school_homepage,new_vs_265
AU00015,australia,University Of New South Wales Sydney,https://collegedunia.com/australia/university/603-university-of-new-south-wales-sydney,school_homepage,base_265
AU00016,australia,La Trobe University Melbourne,https://collegedunia.com/australia/university/605-la-trobe-university-melbourne,school_homepage,new_vs_265
AU00017,australia,Monash University Melbourne,https://collegedunia.com/australia/university/606-monash-university-melbourne,school_homepage,base_265
AU00018,australia,Rmit University Melbourne,https://collegedunia.com/australia/university/607-rmit-university-melbourne,school_homepage,base_265
AU00019,australia,Swinburne University Of Technology Melbourne,https://collegedunia.com/australia/university/608-swinburne-university-of-technology-melbourne,school_homepage,new_vs_265
AU00020,australia,University Of Melbourne Melbourne,https://collegedunia.com/australia/university/609-university-of-melbourne-melbourne,school_homepage,base_265
AU00021,australia,Victoria University Melbourne,https://collegedunia.com/australia/university/610-victoria-university-melbourne,school_homepage,new_vs_265
AU00022,australia,University Of Newcastle Newcastle,https://collegedunia.com/australia/university/611-university-of-newcastle-newcastle,school_homepage,new_vs_265
AU00023,australia,Curtin University Perth,https://collegedunia.com/australia/university/612-curtin-university-perth,school_homepage,new_vs_265
AU00024,australia,Edith Cowan University Perth,https://collegedunia.com/australia/university/613-edith-cowan-university-perth,school_homepage,new_vs_265
AU00025,australia,Murdoch University Perth,https://collegedunia.com/australia/university/614-murdoch-university-perth,school_homepage,new_vs_265
AU00026,australia,University Of Western Australia Perth,https://collegedunia.com/australia/university/615-university-of-western-australia-perth,school_homepage,base_265
AU00027,australia,Central Queensland University Rockhampton,https://collegedunia.com/australia/university/616-central-queensland-university-rockhampton,school_homepage,new_vs_265
AU00028,australia,Charles Sturt University Sydney,https://collegedunia.com/australia/university/618-charles-sturt-university-sydney,school_homepage,new_vs_265
AU00029,australia,Macquarie University Sydney,https://collegedunia.com/australia/university/619-macquarie-university-sydney,school_homepage,base_265
AU00030,australia,The University Of Sydney Sydney,https://collegedunia.com/australia/university/620-the-university-of-sydney-sydney,school_homepage,new_vs_265
AU00031,australia,University Of Technology Sydney Sydney,https://collegedunia.com/australia/university/621-university-of-technology-sydney-sydney,school_homepage,base_265
AU00032,australia,University Of Southern Queensland Toowoomba,https://collegedunia.com/australia/university/623-university-of-southern-queensland-toowoomba,school_homepage,new_vs_265
AU00033,australia,James Cook University Townsville,https://collegedunia.com/australia/university/624-james-cook-university-townsville,school_homepage,base_265
AU00034,australia,University Of Wollongong Wollongong,https://collegedunia.com/australia/university/625-university-of-wollongong-wollongong,school_homepage,new_vs_265
AU00035,australia,Blue Mountains International Hotel Management School Sydney,https://collegedunia.com/australia/college/2372-blue-mountains-international-hotel-management-school-sydney,school_homepage,new_vs_265
AU00036,australia,Engineering Institute Of Technology Perth,https://collegedunia.com/australia/college/2380-engineering-institute-of-technology-perth,school_homepage,new_vs_265
AU00037,australia,S P Jain School Of Global Management Sydney,https://collegedunia.com/australia/college/2384-s-p-jain-school-of-global-management-sydney,school_homepage,new_vs_265
AU00038,australia,The University Of Notre Dame Fremantle,https://collegedunia.com/australia/university/2386-the-university-of-notre-dame-fremantle,school_homepage,new_vs_265
AU00039,australia,Torrens University Australia Sydney,https://collegedunia.com/australia/university/2388-torrens-university-australia-sydney,school_homepage,new_vs_265
AU00040,australia,Macleay College Sydney,https://collegedunia.com/australia/college/2914-macleay-college-sydney,school_homepage,new_vs_265
AU00041,australia,Sydney Institute Of Business And Technology Sydney,https://collegedunia.com/australia/college/2917-sydney-institute-of-business-and-technology-sydney,school_homepage,new_vs_265
AU00042,australia,Uow College Wollongong,https://collegedunia.com/australia/college/2918-uow-college-wollongong,school_homepage,new_vs_265
AU00043,australia,Monash College Melbourne,https://collegedunia.com/australia/college/2935-monash-college-melbourne,school_homepage,new_vs_265
AU00044,australia,Adelaide University Adelaide,https://collegedunia.com/australia/university/3803-adelaide-university-adelaide,school_homepage,base_265
CA00001,canada,Algoma University Sault Ste Marie,https://collegedunia.com/canada/university/1-algoma-university-sault-ste-marie,school_homepage,new_vs_265
CA00002,canada,Carleton University Ottawa,https://collegedunia.com/canada/university/2-carleton-university-ottawa,school_homepage,new_vs_265
CA00003,canada,Concordia University Montreal,https://collegedunia.com/canada/university/3-concordia-university-montreal,school_homepage,new_vs_265
CA00004,canada,Ocad University Toronto,https://collegedunia.com/canada/university/5-ocad-university-toronto,school_homepage,new_vs_265
CA00005,canada,Saint Marys University Halifax,https://collegedunia.com/canada/university/6-saint-marys-university-halifax,school_homepage,new_vs_265
CA00006,canada,The Kings University Edmonton,https://collegedunia.com/canada/university/7-the-kings-university-edmonton,school_homepage,new_vs_265
CA00007,canada,University Canada West Vancouver,https://collegedunia.com/canada/university/8-university-canada-west-vancouver,school_homepage,base_265
CA00008,canada,University Of Alberta Edmonton,https://collegedunia.com/canada/university/9-university-of-alberta-edmonton,school_homepage,new_vs_265
CA00009,canada,University Of Calgary Calgary,https://collegedunia.com/canada/university/10-university-of-calgary-calgary,school_homepage,new_vs_265
CA00010,canada,University Of Waterloo Waterloo,https://collegedunia.com/canada/university/11-university-of-waterloo-waterloo,school_homepage,new_vs_265
CA00011,canada,University Of Windsor Windsor,https://collegedunia.com/canada/university/12-university-of-windsor-windsor,school_homepage,base_265
CA00012,canada,Acadia University Wolfville,https://collegedunia.com/canada/university/13-acadia-university-wolfville,school_homepage,new_vs_265
CA00013,canada,Athabasca University Athabasca,https://collegedunia.com/canada/university/14-athabasca-university-athabasca,school_homepage,new_vs_265
CA00014,canada,Bishops University Sherbrooke,https://collegedunia.com/canada/university/15-bishops-university-sherbrooke,school_homepage,new_vs_265
CA00015,canada,Brescia University College London,https://collegedunia.com/canada/college/17-brescia-university-college-london,school_homepage,new_vs_265
CA00016,canada,Cape Breton University Sydney,https://collegedunia.com/canada/university/20-cape-breton-university-sydney,school_homepage,new_vs_265
CA00017,canada,Capilano University North Vancouver,https://collegedunia.com/canada/university/21-capilano-university-north-vancouver,school_homepage,new_vs_265
CA00018,canada,Dalhousie University Halifax,https://collegedunia.com/canada/university/22-dalhousie-university-halifax,school_homepage,new_vs_265
CA00019,canada,Polytechnic School Of Montreal Montreal,https://collegedunia.com/canada/college/23-polytechnic-school-of-montreal-montreal,school_homepage,new_vs_265
CA00020,canada,Emily Carr University Of Art Design Vancouver,https://collegedunia.com/canada/university/24-emily-carr-university-of-art--design-vancouver,school_homepage,new_vs_265
CA00021,canada,Hec Montreal Montreal,https://collegedunia.com/canada/college/28-hec-montreal-montreal,school_homepage,new_vs_265
CA00022,canada,Kings University College London,https://collegedunia.com/canada/college/30-kings-university-college-london,school_homepage,new_vs_265
CA00023,canada,Kwantlen Polytechnic University Surrey,https://collegedunia.com/canada/university/31-kwantlen-polytechnic-university-surrey,school_homepage,new_vs_265
CA00024,canada,Lakehead University Thunder Bay,https://collegedunia.com/canada/university/33-lakehead-university-thunder-bay,school_homepage,new_vs_265
CA00025,canada,Laurentian University Sudbury,https://collegedunia.com/canada/university/34-laurentian-university-sudbury,school_homepage,new_vs_265
CA00026,canada,Macewan University Edmonton,https://collegedunia.com/canada/university/37-macewan-university-edmonton,school_homepage,new_vs_265
CA00027,canada,Mcgill University Montreal,https://collegedunia.com/canada/university/39-mcgill-university-montreal,school_homepage,new_vs_265
CA00028,canada,Mcmaster University Hamilton,https://collegedunia.com/canada/university/40-mcmaster-university-hamilton,school_homepage,new_vs_265
CA00029,canada,Memorial University Of Newfoundland St Johns,https://collegedunia.com/canada/university/41-memorial-university-of-newfoundland-st-johns,school_homepage,new_vs_265
CA00030,canada,Mount Royal University Calgary,https://collegedunia.com/canada/university/43-mount-royal-university-calgary,school_homepage,new_vs_265
CA00031,canada,Mount Saint Vincent University Halifax,https://collegedunia.com/canada/university/44-mount-saint-vincent-university-halifax,school_homepage,new_vs_265
CA00032,canada,Nscad University Halifax,https://collegedunia.com/canada/university/46-nscad-university-halifax,school_homepage,new_vs_265
CA00033,canada,Queens University Kingston,https://collegedunia.com/canada/university/47-queens-university-kingston,school_homepage,new_vs_265
CA00034,canada,Renison University College Waterloo,https://collegedunia.com/canada/college/49-renison-university-college-waterloo,school_homepage,new_vs_265
CA00035,canada,Royal Roads University Victoria,https://collegedunia.com/canada/university/51-royal-roads-university-victoria,school_homepage,new_vs_265
CA00036,canada,Toronto Metropolitan University Toronto,https://collegedunia.com/canada/university/52-toronto-metropolitan-university-toronto,school_homepage,new_vs_265
CA00037,canada,Simon Fraser University Burnaby,https://collegedunia.com/canada/university/54-simon-fraser-university-burnaby,school_homepage,new_vs_265
CA00038,canada,St Marys University Halifax,https://collegedunia.com/canada/university/59-st-marys-university-halifax,school_homepage,new_vs_265
CA00039,canada,The University Of British Columbia Okanagan Kelowna,https://collegedunia.com/canada/college/63-the-university-of-british-columbia-okanagan-kelowna,school_homepage,new_vs_265
CA00040,canada,The University Of British Columbia Vancouver,https://collegedunia.com/canada/university/64-the-university-of-british-columbia-vancouver,school_homepage,base_265
CA00041,canada,University Of Winnipeg Winnipeg,https://collegedunia.com/canada/university/65-university-of-winnipeg-winnipeg,school_homepage,new_vs_265
CA00042,canada,Thompson Rivers University Kamloops,https://collegedunia.com/canada/university/66-thompson-rivers-university-kamloops,school_homepage,base_265
CA00043,canada,Trent University Peterborough,https://collegedunia.com/canada/university/67-trent-university-peterborough,school_homepage,new_vs_265
CA00044,canada,Trinity College Toronto,https://collegedunia.com/canada/college/68-trinity-college-toronto,school_homepage,new_vs_265
CA00045,canada,Trinity Western University Langley,https://collegedunia.com/canada/university/69-trinity-western-university-langley,school_homepage,base_265
CA00046,canada,University Of Moncton Moncton,https://collegedunia.com/canada/university/70-university-of-moncton-moncton,school_homepage,new_vs_265
CA00047,canada,University Of Montreal Montreal,https://collegedunia.com/canada/university/71-university-of-montreal-montreal,school_homepage,new_vs_265
CA00048,canada,University Of Sherbrooke Sherbrooke,https://collegedunia.com/canada/university/73-university-of-sherbrooke-sherbrooke,school_homepage,new_vs_265
CA00049,canada,School Of Higher Technology University Of Quebec Montreal,https://collegedunia.com/canada/university/74-school-of-higher-technology-university-of-quebec-montreal,school_homepage,new_vs_265
CA00050,canada,University Of Quebec At Montreal Montreal,https://collegedunia.com/canada/university/76-university-of-quebec-at-montreal-montreal,school_homepage,new_vs_265
CA00051,canada,Laval University Quebec City,https://collegedunia.com/canada/university/82-laval-university-quebec-city,school_homepage,base_265
CA00052,canada,University Of Guelph Guelph,https://collegedunia.com/canada/university/85-university-of-guelph-guelph,school_homepage,base_265
CA00053,canada,University Of Guelph Humber Campus Toronto,https://collegedunia.com/canada/college/87-university-of-guelph-humber-campus-toronto,school_homepage,new_vs_265
CA00054,canada,University Of Lethbridge Lethbridge,https://collegedunia.com/canada/university/89-university-of-lethbridge-lethbridge,school_homepage,new_vs_265
CA00055,canada,University Of Manitoba Winnipeg,https://collegedunia.com/canada/university/90-university-of-manitoba-winnipeg,school_homepage,new_vs_265
CA00056,canada,University Of New Brunswick Fredericton Fredericton,https://collegedunia.com/canada/university/91-university-of-new-brunswick-fredericton-fredericton,school_homepage,base_265
CA00057,canada,University Of Northern British Columbia Prince George,https://collegedunia.com/canada/university/93-university-of-northern-british-columbia-prince-george,school_homepage,new_vs_265
CA00058,canada,University Of Ontario Institute Of Technology Oshawa,https://collegedunia.com/canada/university/94-university-of-ontario-institute-of-technology-oshawa,school_homepage,base_265
CA00059,canada,University Of Ottawa Ottawa,https://collegedunia.com/canada/university/95-university-of-ottawa-ottawa,school_homepage,new_vs_265
CA00060,canada,University Of Regina Regina,https://collegedunia.com/canada/university/97-university-of-regina-regina,school_homepage,base_265
CA00061,canada,University Of Saskatchewan Saskatoon,https://collegedunia.com/canada/university/98-university-of-saskatchewan-saskatoon,school_homepage,base_265
CA00062,canada,University Of The Fraser Valley Abbotsford,https://collegedunia.com/canada/university/101-university-of-the-fraser-valley-abbotsford,school_homepage,new_vs_265
CA00063,canada,University Of Toronto Mississauga Mississauga,https://collegedunia.com/canada/college/102-university-of-toronto-mississauga-mississauga,school_homepage,new_vs_265
CA00064,canada,University Of Toronto Scarborough Scarborough,https://collegedunia.com/canada/college/103-university-of-toronto-scarborough-scarborough,school_homepage,new_vs_265
CA00065,canada,University Of Toronto Toronto,https://collegedunia.com/canada/university/104-university-of-toronto-toronto,school_homepage,new_vs_265
CA00066,canada,University Of Victoria Victoria,https://collegedunia.com/canada/university/105-university-of-victoria-victoria,school_homepage,new_vs_265
CA00067,canada,Vancouver Island University Nanaimo,https://collegedunia.com/canada/university/106-vancouver-island-university-nanaimo,school_homepage,new_vs_265
CA00068,canada,Western University London,https://collegedunia.com/canada/college/107-western-university-london,school_homepage,base_265
CA00069,canada,Wilfrid Laurier University Waterloo,https://collegedunia.com/canada/university/108-wilfrid-laurier-university-waterloo,school_homepage,new_vs_265
CA00070,canada,York University Toronto,https://collegedunia.com/canada/university/109-york-university-toronto,school_homepage,base_265
CA00071,canada,Algonquin College Ottawa,https://collegedunia.com/canada/college/110-algonquin-college-ottawa,school_homepage,new_vs_265
CA00072,canada,Centennial College Toronto,https://collegedunia.com/canada/college/113-centennial-college-toronto,school_homepage,new_vs_265
CA00073,canada,Humber College Toronto,https://collegedunia.com/canada/college/114-humber-college-toronto,school_homepage,new_vs_265
CA00074,canada,Northern Alberta Institute Of Technology Edmonton,https://collegedunia.com/canada/college/115-northern-alberta-institute-of-technology-edmonton,school_homepage,new_vs_265
CA00075,canada,British Columbia Institute Of Technology Burnaby,https://collegedunia.com/canada/college/123-british-columbia-institute-of-technology-burnaby,school_homepage,new_vs_265
CA00076,canada,College Of The Rockies Cranbrook,https://collegedunia.com/canada/college/182-college-of-the-rockies-cranbrook,school_homepage,new_vs_265
CA00077,canada,Columbia College Vancouver,https://collegedunia.com/canada/college/184-columbia-college-vancouver,school_homepage,new_vs_265
CA00078,canada,Coquitlam College Coquitlam,https://collegedunia.com/canada/college/187-coquitlam-college-coquitlam,school_homepage,new_vs_265
CA00079,canada,Dawson College Montreal,https://collegedunia.com/canada/college/190-dawson-college-montreal,school_homepage,new_vs_265
CA00080,canada,Fanshawe College London,https://collegedunia.com/canada/college/193-fanshawe-college-london,school_homepage,new_vs_265
CA00081,canada,George Brown College Toronto,https://collegedunia.com/canada/college/196-george-brown-college-toronto,school_homepage,new_vs_265
CA00082,canada,Georgian College Barrie,https://collegedunia.com/canada/college/197-georgian-college-barrie,school_homepage,new_vs_265
CA00083,canada,Vancouver Community College Vancouver,https://collegedunia.com/canada/college/206-vancouver-community-college-vancouver,school_homepage,new_vs_265
CA00084,canada,Yukon College Whitehorse,https://collegedunia.com/canada/college/209-yukon-college-whitehorse,school_homepage,new_vs_265
CA00085,canada,Adler University Vancouver Vancouver,https://collegedunia.com/canada/university/218-adler-university-vancouver-vancouver,school_homepage,new_vs_265
CA00086,canada,Brock University St Catharines,https://collegedunia.com/canada/university/227-brock-university-st-catharines,school_homepage,base_265
CA00087,canada,Red River College Winnipeg,https://collegedunia.com/canada/college/274-red-river-college-winnipeg,school_homepage,new_vs_265
CA00088,canada,Yorkville University Fredericton,https://collegedunia.com/canada/university/330-yorkville-university-fredericton,school_homepage,new_vs_265
CA00089,canada,Lasalle College Vancouver Vancouver,https://collegedunia.com/canada/college/373-lasalle-college---vancouver-vancouver,school_homepage,new_vs_265
CA00090,canada,Desautels Faculty Of Management Montreal,https://collegedunia.com/canada/college/395-desautels-faculty-of-management-montreal,school_homepage,new_vs_265
CA00091,canada,Rotman School Of Management Toronto,https://collegedunia.com/canada/college/407-rotman-school-of-management-toronto,school_homepage,new_vs_265
CA00092,canada,Ted Rogers School Of Management Toronto,https://collegedunia.com/canada/college/412-ted-rogers-school-of-management-toronto,school_homepage,new_vs_265
CA00093,canada,Telfer School Of Management Ottawa,https://collegedunia.com/canada/college/413-telfer-school-of-management-ottawa,school_homepage,base_265
CA00094,canada,Ontario Institute For Studies In Education Toronto,https://collegedunia.com/canada/college/439-ontario-institute-for-studies-in-education-toronto,school_homepage,new_vs_265
CA00095,canada,Langara College Vancouver,https://collegedunia.com/canada/college/566-langara-college-vancouver,school_homepage,new_vs_265
CA00096,canada,Norquest College Edmonton,https://collegedunia.com/canada/college/570-norquest-college-edmonton,school_homepage,new_vs_265
CA00097,canada,Northern Lights College Dawson Creek,https://collegedunia.com/canada/college/574-northern-lights-college-dawson-creek,school_homepage,new_vs_265
CA00098,canada,Sait Polytechnic Calgary,https://collegedunia.com/canada/college/585-sait-polytechnic-calgary,school_homepage,new_vs_265
CA00099,canada,Crandall University Moncton,https://collegedunia.com/canada/university/2780-crandall-university-moncton,school_homepage,new_vs_265
CA00100,canada,Acsenda School Of Management Vancouver,https://collegedunia.com/canada/college/3001-acsenda-school-of-management-vancouver,school_homepage,new_vs_265
CA00101,canada,Evergreen College Toronto,https://collegedunia.com/canada/college/3004-evergreen-college-toronto,school_homepage,new_vs_265
CA00102,canada,Niagara College Canada Welland Toronto,https://collegedunia.com/canada/college/3006-niagara-college-canada-welland-toronto,school_homepage,new_vs_265
CA00103,canada,Northern College At Pures Toronto,https://collegedunia.com/canada/college/3008-northern-college-at-pures-toronto,school_homepage,new_vs_265
CA00104,canada,Brighton College Burnaby,https://collegedunia.com/canada/college/3021-brighton-college-burnaby,school_homepage,new_vs_265
CA00105,canada,Cypress College Medicine Hat,https://collegedunia.com/canada/college/3222-cypress-college-medicine-hat,school_homepage,new_vs_265
CA00106,canada,Toronto School Of Management Toronto,https://collegedunia.com/canada/university/3578-toronto-school-of-management-toronto,school_homepage,new_vs_265
CA00107,canada,Trebas Institute Montreal,https://collegedunia.com/canada/college/3586-trebas-institute-montreal,school_homepage,new_vs_265
CA00108,canada,Fairleigh Dickinson University Vancouver,https://collegedunia.com/canada/university/3621-fairleigh-dickinson-university-vancouver,school_homepage,new_vs_265
CA00109,canada,New York Institute Of Technology Vancouver Campus Vancouver,https://collegedunia.com/canada/university/3649-new-york-institute-of-technology---vancouver-campus-vancouver,school_homepage,new_vs_265
CA00110,canada,Ibt College Business Travel And Tourism Technology Toronto,https://collegedunia.com/canada/college/3658-ibt-college-business-travel-and-tourism-technology-toronto,school_homepage,new_vs_265
CA00111,canada,Eton College Vancouver,https://collegedunia.com/canada/college/3659-eton-college-vancouver,school_homepage,new_vs_265
CA00112,canada,Tav College Montreal,https://collegedunia.com/canada/college/3660-tav-college-montreal,school_homepage,new_vs_265
FR00001,france,Hec Paris Valence,https://collegedunia.com/france/college/3606-hec-paris-valence,school_homepage,raw_recovered_2026_04_01
FR00002,france,Sorbonne University Paris,https://collegedunia.com/france/university/3607-sorbonne-university-paris,school_homepage,raw_recovered_2026_04_01
FR00003,france,Edhec Business School Lille,https://collegedunia.com/france/college/3608-edhec-business-school-lille,school_homepage,raw_recovered_2026_04_01
FR00004,france,Neoma Business School Paris,https://collegedunia.com/france/college/3609-neoma-business-school-paris,school_homepage,raw_recovered_2026_04_01
FR00005,france,Emlyon Business School Lyon,https://collegedunia.com/france/college/3610-emlyon-business-school-lyon,school_homepage,raw_recovered_2026_04_01
FR00006,france,Sciences Po Valence,https://collegedunia.com/france/university/3611-sciences-po-valence,school_homepage,raw_recovered_2026_04_01
FR00007,france,Kedge Business School Talence,https://collegedunia.com/france/college/3612-kedge-business-school-talence,school_homepage,raw_recovered_2026_04_01
FR00008,france,Ecole Polytechnique Valence,https://collegedunia.com/france/college/3613-ecole-polytechnique-valence,school_homepage,raw_recovered_2026_04_01
FR00009,france,Paris School Of Business Paris,https://collegedunia.com/france/college/3615-paris-school-of-business-paris,school_homepage,raw_recovered_2026_04_01
FR00010,france,Rennes School Of Business Valence,https://collegedunia.com/france/college/3616-rennes-school-of-business-valence,school_homepage,raw_recovered_2026_04_01
FR00011,france,Audencia Business School Valence,https://collegedunia.com/france/college/3617-audencia-business-school-valence,school_homepage,raw_recovered_2026_04_01
FR00012,france,Ieseg School Of Management Lille,https://collegedunia.com/france/college/3618-ieseg-school-of-management-lille,school_homepage,raw_recovered_2026_04_01
FR00013,france,Insead Business School Evry,https://collegedunia.com/france/college/3619-insead-business-school-evry,school_homepage,raw_recovered_2026_04_01
FR00014,france,Montpellier Business School Montpellier,https://collegedunia.com/france/college/3620-montpellier-business-school-montpellier,school_homepage,raw_recovered_2026_04_01
FR00015,france,Idrac Business School Paris,https://collegedunia.com/france/university/3625-idrac-business-school-paris,school_homepage,raw_recovered_2026_04_01
DE00001,germany,Rwth Aachen University Aachen,https://collegedunia.com/germany/university/627-rwth-aachen-university-aachen,school_homepage,new_vs_265
DE00002,germany,University Of Augsburg Augsburg,https://collegedunia.com/germany/university/628-university-of-augsburg-augsburg,school_homepage,new_vs_265
DE00003,germany,University Of Bayreuth Bayreuth,https://collegedunia.com/germany/university/629-university-of-bayreuth-bayreuth,school_homepage,new_vs_265
DE00004,germany,Free University Of Berlin Berlin,https://collegedunia.com/germany/university/631-free-university-of-berlin-berlin,school_homepage,new_vs_265
DE00005,germany,Humboldt University Of Berlin Berlin,https://collegedunia.com/germany/university/632-humboldt-university-of-berlin-berlin,school_homepage,new_vs_265
DE00006,germany,Technical University Berlin Berlin,https://collegedunia.com/germany/university/633-technical-university-berlin-berlin,school_homepage,new_vs_265
DE00007,germany,Bielefeld University Bielefeld,https://collegedunia.com/germany/university/634-bielefeld-university-bielefeld,school_homepage,new_vs_265
DE00008,germany,Ruhr University Bochum Bochum,https://collegedunia.com/germany/university/635-ruhr-university-bochum-bochum,school_homepage,new_vs_265
DE00009,germany,Carl Benz School Karlsruhe,https://collegedunia.com/germany/college/636-carl-benz-school-karlsruhe,school_homepage,new_vs_265
DE00010,germany,University Of Bonn Bonn,https://collegedunia.com/germany/university/638-university-of-bonn-bonn,school_homepage,new_vs_265
DE00011,germany,Technical University Of Braunschweig Braunschweig,https://collegedunia.com/germany/university/639-technical-university-of-braunschweig-braunschweig,school_homepage,new_vs_265
DE00012,germany,Constructor University Bremen,https://collegedunia.com/germany/university/640-constructor-university-bremen,school_homepage,new_vs_265
DE00013,germany,University Of Bremen Bremen,https://collegedunia.com/germany/university/641-university-of-bremen-bremen,school_homepage,new_vs_265
DE00014,germany,Rwth International Academy Aachen,https://collegedunia.com/germany/college/642-rwth-international-academy-aachen,school_homepage,base_265
DE00015,germany,Chemnitz University Of Technology Chemnitz,https://collegedunia.com/germany/university/643-chemnitz-university-of-technology-chemnitz,school_homepage,new_vs_265
DE00016,germany,University Of Cologne Cologne,https://collegedunia.com/germany/university/645-university-of-cologne-cologne,school_homepage,new_vs_265
DE00017,germany,Technical University Darmstadt Darmstadt,https://collegedunia.com/germany/university/646-technical-university-darmstadt-darmstadt,school_homepage,base_265
DE00018,germany,Technical University Dortmund Dortmund,https://collegedunia.com/germany/university/647-technical-university-dortmund-dortmund,school_homepage,new_vs_265
DE00019,germany,Technical University Dresden Dresden,https://collegedunia.com/germany/university/648-technical-university-dresden-dresden,school_homepage,new_vs_265
DE00020,germany,University Of Duisburg Essen Duisburg,https://collegedunia.com/germany/university/649-university-of-duisburg-essen-duisburg,school_homepage,new_vs_265
DE00021,germany,University Of Duesseldorf Dusseldorf,https://collegedunia.com/germany/university/651-university-of-duesseldorf-dusseldorf,school_homepage,new_vs_265
DE00022,germany,University Of Erlangen Nuremberg Erlangen,https://collegedunia.com/germany/university/653-university-of-erlangen-nuremberg-erlangen,school_homepage,base_265
DE00023,germany,Goethe University Frankfurt Frankfurt Am Main,https://collegedunia.com/germany/university/654-goethe-university-frankfurt-frankfurt-am-main,school_homepage,new_vs_265
DE00024,germany,Technical University Freiberg Freiburg,https://collegedunia.com/germany/university/657-technical-university-freiberg-freiburg,school_homepage,new_vs_265
DE00025,germany,University Of Freiburg Freiburg,https://collegedunia.com/germany/university/658-university-of-freiburg-freiburg,school_homepage,new_vs_265
DE00026,germany,University Of Goettingen Gottingen,https://collegedunia.com/germany/university/662-university-of-goettingen-gottingen,school_homepage,new_vs_265
DE00027,germany,University Of Greifswald Greifswald,https://collegedunia.com/germany/college/664-university-of-greifswald-greifswald,school_homepage,new_vs_265
DE00028,germany,Martin Luther University Halle Wittenberg Halle,https://collegedunia.com/germany/university/665-martin-luther-university-halle-wittenberg-halle,school_homepage,new_vs_265
DE00029,germany,Hamburg University Of Technology Hamburg,https://collegedunia.com/germany/university/667-hamburg-university-of-technology-hamburg,school_homepage,new_vs_265
DE00030,germany,University Of Hamburg Hamburg,https://collegedunia.com/germany/university/668-university-of-hamburg-hamburg,school_homepage,base_265
DE00031,germany,Leibniz University Of Hannover Hannover,https://collegedunia.com/germany/university/670-leibniz-university-of-hannover-hannover,school_homepage,base_265
DE00032,germany,Heidelberg University Heidelberg,https://collegedunia.com/germany/university/672-heidelberg-university-heidelberg,school_homepage,new_vs_265
DE00033,germany,Friedrich Schiller University Jena Jena,https://collegedunia.com/germany/university/674-friedrich-schiller-university-jena-jena,school_homepage,new_vs_265
DE00034,germany,University Of Kaiserslautern Kaiserslautern,https://collegedunia.com/germany/university/676-university-of-kaiserslautern-kaiserslautern,school_homepage,new_vs_265
DE00035,germany,Karlsruhe Institute Of Technology Karlsruhe,https://collegedunia.com/germany/university/677-karlsruhe-institute-of-technology-karlsruhe,school_homepage,new_vs_265
DE00036,germany,University Of Kassel Kassel,https://collegedunia.com/germany/university/678-university-of-kassel-kassel,school_homepage,new_vs_265
DE00037,germany,University Of Kiel Kiel,https://collegedunia.com/germany/university/680-university-of-kiel-kiel,school_homepage,new_vs_265
DE00038,germany,University Of Konstanz Konstanz,https://collegedunia.com/germany/university/681-university-of-konstanz-konstanz,school_homepage,new_vs_265
DE00039,germany,Leipzig University Leipzig,https://collegedunia.com/germany/university/682-leipzig-university-leipzig,school_homepage,new_vs_265
DE00040,germany,Otto Von Guericke University Magdeburg,https://collegedunia.com/germany/university/684-otto-von-guericke-university-magdeburg,school_homepage,new_vs_265
DE00041,germany,Johannes Gutenberg University Of Mainz Mainz,https://collegedunia.com/germany/university/685-johannes-gutenberg-university-of-mainz-mainz,school_homepage,new_vs_265
DE00042,germany,University Of Mannheim Mannheim,https://collegedunia.com/germany/university/687-university-of-mannheim-mannheim,school_homepage,new_vs_265
DE00043,germany,Philipps University Marburg Marburg,https://collegedunia.com/germany/university/688-philipps-university-marburg-marburg,school_homepage,new_vs_265
DE00044,germany,Ludwig Maximilian University Of Munich Munich,https://collegedunia.com/germany/university/690-ludwig-maximilian-university-of-munich-munich,school_homepage,new_vs_265
DE00045,germany,Technical University Munich Munich,https://collegedunia.com/germany/university/691-technical-university-munich-munich,school_homepage,new_vs_265
DE00046,germany,University Of Muenster Munster,https://collegedunia.com/germany/university/694-university-of-muenster-munster,school_homepage,base_265
DE00047,germany,Carl Von Ossietzky University Of Oldenburg Oldenburg,https://collegedunia.com/germany/university/696-carl-von-ossietzky-university-of-oldenburg-oldenburg,school_homepage,new_vs_265
DE00048,germany,Paderborn University Paderborn,https://collegedunia.com/germany/university/698-paderborn-university-paderborn,school_homepage,new_vs_265
DE00049,germany,University Of Passau Passau,https://collegedunia.com/germany/university/699-university-of-passau-passau,school_homepage,new_vs_265
DE00050,germany,University Of Potsdam Potsdam,https://collegedunia.com/germany/university/700-university-of-potsdam-potsdam,school_homepage,new_vs_265
DE00051,germany,University Of Regensburg Regensburg,https://collegedunia.com/germany/university/701-university-of-regensburg-regensburg,school_homepage,new_vs_265
DE00052,germany,University Of Rostock Rostock,https://collegedunia.com/germany/university/702-university-of-rostock-rostock,school_homepage,new_vs_265
DE00053,germany,Saarland University Saarbrucken,https://collegedunia.com/germany/university/703-saarland-university-saarbrucken,school_homepage,new_vs_265
DE00054,germany,University Of Siegen Siegen,https://collegedunia.com/germany/university/705-university-of-siegen-siegen,school_homepage,new_vs_265
DE00055,germany,University Of Hohenheim Stuttgart,https://collegedunia.com/germany/university/706-university-of-hohenheim-stuttgart,school_homepage,new_vs_265
DE00056,germany,University Of Stuttgart Stuttgart,https://collegedunia.com/germany/university/707-university-of-stuttgart-stuttgart,school_homepage,new_vs_265
DE00057,germany,University Of Tuebingen Tubingen,https://collegedunia.com/germany/university/709-university-of-tuebingen-tubingen,school_homepage,new_vs_265
DE00058,germany,Ulm University Ulm,https://collegedunia.com/germany/university/710-ulm-university-ulm,school_homepage,new_vs_265
DE00059,germany,Whu Otto Beisheim School Of Management Vallendar,https://collegedunia.com/germany/college/712-whu---otto-beisheim-school-of-management-vallendar,school_homepage,new_vs_265
DE00060,germany,Wittenherdecke University Witten,https://collegedunia.com/germany/university/713-wittenherdecke-university-witten,school_homepage,new_vs_265
DE00061,germany,University Of Wuerzburg Wurzburg,https://collegedunia.com/germany/university/715-university-of-wuerzburg-wurzburg,school_homepage,base_265
DE00062,germany,University Of Trier Trier,https://collegedunia.com/germany/university/2237-university-of-trier-trier,school_homepage,new_vs_265
DE00063,germany,University Of Wuppertal Wuppertal,https://collegedunia.com/germany/university/2238-university-of-wuppertal-wuppertal,school_homepage,new_vs_265
DE00064,germany,Osnabruck University Osnabruck,https://collegedunia.com/germany/university/2239-osnabruck-university-osnabruck,school_homepage,new_vs_265
DE00065,germany,Leuphana University Of Luneburg Luneburg,https://collegedunia.com/germany/university/2240-leuphana-university-of-luneburg-luneburg,school_homepage,new_vs_265
DE00066,germany,University Of Koblenz Landau Mainz,https://collegedunia.com/germany/university/2241-university-of-koblenz---landau-mainz,school_homepage,new_vs_265
DE00067,germany,Technical University Ilmenau Ilmenau,https://collegedunia.com/germany/university/2243-technical-university-ilmenau-ilmenau,school_homepage,new_vs_265
DE00068,germany,Bauhaus University Weimar,https://collegedunia.com/germany/university/2246-bauhaus-university-weimar,school_homepage,new_vs_265
DE00069,germany,Berlin University Of The Arts Berlin,https://collegedunia.com/germany/university/2247-berlin-university-of-the-arts-berlin,school_homepage,new_vs_265
DE00070,germany,Frankfurt School Of Finance Management Frankfurt Am Main,https://collegedunia.com/germany/college/2328-frankfurt-school-of-finance--management-frankfurt-am-main,school_homepage,new_vs_265
DE00071,germany,International School Of Management Dortmund,https://collegedunia.com/germany/college/2330-international-school-of-management-dortmund,school_homepage,new_vs_265
DE00072,germany,Esmt Berlin Berlin,https://collegedunia.com/germany/college/2332-esmt-berlin-berlin,school_homepage,new_vs_265
DE00073,germany,Fh Aachen University Of Applied Sciences Aachen,https://collegedunia.com/germany/university/2395-fh-aachen---university-of-applied-sciences-aachen,school_homepage,new_vs_265
DE00074,germany,Aalen University Aalen,https://collegedunia.com/germany/university/2397-aalen-university-aalen,school_homepage,new_vs_265
DE00075,germany,Iu International University Of Applied Sciences Berlin,https://collegedunia.com/germany/university/2400-iu-international-university-of-applied-sciences-berlin,school_homepage,new_vs_265
DE00076,germany,Beuth University Of Applied Sciences Berlin,https://collegedunia.com/germany/university/2406-beuth-university-of-applied-sciences-berlin,school_homepage,new_vs_265
DE00077,germany,Code University Of Applied Sciences Berlin,https://collegedunia.com/germany/university/2410-code-university-of-applied-sciences-berlin,school_homepage,new_vs_265
DE00078,germany,Htw Berlin University Of Applied Sciences Berlin,https://collegedunia.com/germany/university/2416-htw-berlin-university-of-applied-sciences-berlin,school_homepage,new_vs_265
DE00079,germany,Macromedia University Of Applied Sciences Munich,https://collegedunia.com/germany/university/2419-macromedia-university-of-applied-sciences-munich,school_homepage,new_vs_265
DE00080,germany,Srh Hochschule Berlin Berlin,https://collegedunia.com/germany/university/2425-srh-hochschule-berlin-berlin,school_homepage,new_vs_265
DE00081,germany,Anhalt University Of Applied Sciences Bernburg,https://collegedunia.com/germany/university/2431-anhalt-university-of-applied-sciences-bernburg,school_homepage,new_vs_265
DE00082,germany,Biberach University Of Applied Science Biberach An Der Riss,https://collegedunia.com/germany/university/2432-biberach-university-of-applied-science-biberach-an-der-riss,school_homepage,new_vs_265
DE00083,germany,Coburg University Of Applied Sciences And Arts Coburg,https://collegedunia.com/germany/university/2438-coburg-university-of-applied-sciences-and-arts-coburg,school_homepage,new_vs_265
DE00084,germany,Darmstadt University Of Applied Sciences Darmstadt,https://collegedunia.com/germany/university/2439-darmstadt-university-of-applied-sciences-darmstadt,school_homepage,new_vs_265
DE00085,germany,Esslingen University Of Applied Sciences Esslingen Am Neckar,https://collegedunia.com/germany/university/2449-esslingen-university-of-applied-sciences-esslingen-am-neckar,school_homepage,new_vs_265
DE00086,germany,Fulda University Of Applied Sciences Fulda,https://collegedunia.com/germany/university/2457-fulda-university-of-applied-sciences-fulda,school_homepage,new_vs_265
DE00087,germany,Furtwangen University Furtwangen Im Schwarzwald,https://collegedunia.com/germany/university/2458-furtwangen-university-furtwangen-im-schwarzwald,school_homepage,new_vs_265
DE00088,germany,Hafencity University Hamburg Hamburg,https://collegedunia.com/germany/university/2464-hafencity-university-hamburg-hamburg,school_homepage,new_vs_265
DE00089,germany,Hamburg University Of Applied Sciences Hamburg,https://collegedunia.com/germany/university/2466-hamburg-university-of-applied-sciences-hamburg,school_homepage,new_vs_265
DE00090,germany,Kuehne Logistics University Hamburg,https://collegedunia.com/germany/university/2467-kuehne-logistics-university-hamburg,school_homepage,new_vs_265
DE00091,germany,Karlsruhe University Of Applied Sciences Karlsruhe,https://collegedunia.com/germany/university/2483-karlsruhe-university-of-applied-sciences-karlsruhe,school_homepage,new_vs_265
DE00092,germany,Kempten University Of Applied Sciences Kempten Im Allgau,https://collegedunia.com/germany/university/2484-kempten-university-of-applied-sciences-kempten-im-allgau,school_homepage,new_vs_265
DE00093,germany,Muenster University Of Applied Sciences Munster,https://collegedunia.com/germany/university/2506-muenster-university-of-applied-sciences-munster,school_homepage,new_vs_265
DE00094,germany,Nurtingen Geislingen University Nurtingen,https://collegedunia.com/germany/university/2509-nurtingen-geislingen-university-nurtingen,school_homepage,new_vs_265
DE00095,germany,Hochschule Pforzheim Pforzheim,https://collegedunia.com/germany/university/2512-hochschule-pforzheim-pforzheim,school_homepage,new_vs_265
DE00096,germany,Regensburg University Of Applied Sciences Regensburg,https://collegedunia.com/germany/university/2515-regensburg-university-of-applied-sciences-regensburg,school_homepage,new_vs_265
DE00097,germany,Rosenheim Technical University Of Applied Sciences Rosenheim,https://collegedunia.com/germany/university/2517-rosenheim-technical-university-of-applied-sciences-rosenheim,school_homepage,new_vs_265
DE00098,germany,Saarland University Of Applied Sciences Saarbrucken,https://collegedunia.com/germany/university/2518-saarland-university-of-applied-sciences-saarbrucken,school_homepage,new_vs_265
DE00099,germany,Ebs University Oestrich Winkel,https://collegedunia.com/germany/university/2525-ebs-university-oestrich-winkel,school_homepage,new_vs_265
DE00100,germany,City University Of Applied Sciences Bremen,https://collegedunia.com/germany/university/3419-city-university-of-applied-sciences-bremen,school_homepage,new_vs_265
HK00001,hong-kong,The Hong Kong University Of Science Technology Hong Kong,https://collegedunia.com/hong-kong/college/716-the-hong-kong-university-of-science--technology-hong-kong,school_homepage,base_265
HK00002,hong-kong,The Hong Kong Polytechnic University Hung Hom,https://collegedunia.com/hong-kong/college/717-the-hong-kong-polytechnic-university-hung-hom,school_homepage,base_265
HK00003,hong-kong,City University Of Hong Kong Kowloon Tong,https://collegedunia.com/hong-kong/college/718-city-university-of-hong-kong-kowloon-tong,school_homepage,base_265
HK00004,hong-kong,Hong Kong Baptist University Kowloon Tong,https://collegedunia.com/hong-kong/college/719-hong-kong-baptist-university-kowloon-tong,school_homepage,base_265
HK00005,hong-kong,The University Of Hong Kong Pokfulam,https://collegedunia.com/hong-kong/college/720-the-university-of-hong-kong-pokfulam,school_homepage,base_265
HK00006,hong-kong,Chinese University Of Hong Kong Shatin,https://collegedunia.com/hong-kong/college/721-chinese-university-of-hong-kong-shatin,school_homepage,base_265
HK00007,hong-kong,Lingnan University Tuen Mun,https://collegedunia.com/hong-kong/university/723-lingnan-university-tuen-mun,school_homepage,base_265
IE00001,ireland,University College Dublin Belfield,https://collegedunia.com/ireland/university/724-university-college-dublin-belfield,school_homepage,new_vs_265
IE00002,ireland,University College Cork Cork,https://collegedunia.com/ireland/university/725-university-college-cork-cork,school_homepage,new_vs_265
IE00003,ireland,Dublin City University Dublin,https://collegedunia.com/ireland/university/726-dublin-city-university-dublin,school_homepage,new_vs_265
IE00004,ireland,Trinity College Dublin Dublin,https://collegedunia.com/ireland/college/729-trinity-college-dublin-dublin,school_homepage,base_265
IE00005,ireland,National University Of Ireland Galway Galway,https://collegedunia.com/ireland/college/730-national-university-of-ireland-galway,school_homepage,new_vs_265
IE00006,ireland,University Of Limerick Limerick,https://collegedunia.com/ireland/university/731-university-of-limerick-limerick,school_homepage,new_vs_265
IE00007,ireland,Maynooth University Maynooth,https://collegedunia.com/ireland/university/732-maynooth-university-maynooth,school_homepage,new_vs_265
IE00008,ireland,Technological University Dublin Dublin,https://collegedunia.com/ireland/university/2779-technological-university-dublin-dublin,school_homepage,base_265
IE00009,ireland,Dundalk Institute Of Technology Dundalk,https://collegedunia.com/ireland/university/2905-dundalk-institute-of-technology-dundalk,school_homepage,base_265
IE00010,ireland,Waterford Institute Of Technology Waterford,https://collegedunia.com/ireland/university/2937-waterford-institute-of-technology-waterford,school_homepage,base_265
IE00011,ireland,Griffith College Dublin Dublin,https://collegedunia.com/ireland/college/3432-griffith-college-dublin-dublin,school_homepage,base_265
IE00012,ireland,National College Of Ireland Dublin,https://collegedunia.com/ireland/college/3463-national-college-of-ireland-dublin,school_homepage,base_265
IE00013,ireland,South East Technological University Waterford,https://collegedunia.com/ireland/university/3730-south-east-technological-university-waterford,school_homepage,new_vs_265
IE00014,ireland,South East Technological University Wexford,https://collegedunia.com/ireland/university/3743-south-east-technological-university-wexford,school_homepage,new_vs_265
IE00015,ireland,University Of Galway Galway,https://collegedunia.com/ireland/university/3808-university-of-galway-galway,school_homepage,new_vs_265
IE00016,ireland,Munster Technological University Cork Campus Bishoptown,https://collegedunia.com/ireland/university/3809-munster-technological-university---cork-campus-bishoptown,school_homepage,new_vs_265
IE00017,ireland,Technological University Of The Shannon Midlands Midwest Athlone,https://collegedunia.com/ireland/university/3810-technological-university-of-the-shannon-midlands-midwest-athlone,school_homepage,new_vs_265
IE00018,ireland,Atlantic Technological University Sligo Sligo,https://collegedunia.com/ireland/university/3811-atlantic-technological-university---sligo-sligo,school_homepage,new_vs_265
IT00001,italy,Accademia Costume E Moda Rome,https://collegedunia.com/italy/college/3627-accademia-costume-e-moda-rome,school_homepage,raw_recovered_2026_04_01
IT00002,italy,Humanitas University Pavia,https://collegedunia.com/italy/university/3628-humanitas-university-pavia,school_homepage,raw_recovered_2026_04_01
IT00003,italy,Iulm University Milan,https://collegedunia.com/italy/university/3629-iulm-university-milan,school_homepage,raw_recovered_2026_04_01
IT00004,italy,Milano Fashion Institute Milan,https://collegedunia.com/italy/university/3630-milano-fashion-institute-milan,school_homepage,raw_recovered_2026_04_01
IT00005,italy,Santanna School Of Advanced Studies Pisa,https://collegedunia.com/italy/university/3631-santanna-school-of-advanced-studies-pisa,school_homepage,raw_recovered_2026_04_01
IT00006,italy,Alma The International School Of Italian Cuisine Parma,https://collegedunia.com/italy/college/3632-alma-the-international-school-of-italian-cuisine-parma,school_homepage,raw_recovered_2026_04_01
IT00007,italy,University Of Bologna Carpi,https://collegedunia.com/italy/university/3633-university-of-bologna-carpi,school_homepage,raw_recovered_2026_04_01
IT00008,italy,Sapienza University Of Rome San Severo,https://collegedunia.com/italy/university/3634-sapienza-university-of-rome-san-severo,school_homepage,raw_recovered_2026_04_01
IT00009,italy,Politecnico Di Milano Milan,https://collegedunia.com/italy/university/3635-politecnico-di-milano-milan,school_homepage,raw_recovered_2026_04_01
IT00010,italy,University Of Milan Milan,https://collegedunia.com/italy/university/3636-university-of-milan-milan,school_homepage,raw_recovered_2026_04_01
IT00011,italy,University Of Pisa Pisa,https://collegedunia.com/italy/university/3637-university-of-pisa-pisa,school_homepage,raw_recovered_2026_04_01
IT00012,italy,Sda Bocconi School Of Management Milan,https://collegedunia.com/italy/university/3673-sda-bocconi-school-of-management-milan,school_homepage,raw_recovered_2026_04_01
IT00013,italy,Luiss Business School Rome,https://collegedunia.com/italy/university/3820-luiss-business-school-rome,school_homepage,raw_recovered_2026_04_01
IT00014,italy,Polimi Graduate School Of Management Milan,https://collegedunia.com/italy/college/3822-polimi-graduate-school-of-management-milan,school_homepage,raw_recovered_2026_04_01
MY00001,malaysia,Universiti Kebangsaan Malaysia Bangi,https://collegedunia.com/malaysia/university/733-universiti-kebangsaan-malaysia-bangi,school_homepage,base_265
MY00002,malaysia,Universiti Utara Malaysia Changlun,https://collegedunia.com/malaysia/college/734-universiti-utara-changlun,school_homepage,base_265
MY00003,malaysia,Universiti Sains Malaysia George Town,https://collegedunia.com/malaysia/college/735-universiti-sains-george-town,school_homepage,base_265
MY00004,malaysia,Universiti Teknologi Malaysia Skudai,https://collegedunia.com/malaysia/university/736-universiti-teknologi-malaysia-skudai,school_homepage,new_vs_265
MY00005,malaysia,International Islamic University Malaysia Iium Gombak,https://collegedunia.com/malaysia/university/737-international-islamic-university-malaysia-gombak,school_homepage,new_vs_265
MY00006,malaysia,Universiti Tenaga Nasional Uniten Kajang,https://collegedunia.com/malaysia/college/738-universiti-tenaga-nasional-kajang,school_homepage,base_265
MY00007,malaysia,Universiti Tunku Abdul Rahman Utar Kampar,https://collegedunia.com/malaysia/university/739-universiti-tunku-abdul-rahman-utar-kampar,school_homepage,new_vs_265
MY00008,malaysia,University Of Malaya Kuala Lumpur,https://collegedunia.com/malaysia/college/741-university-of-malaya-kuala-lumpur,school_homepage,base_265
MY00009,malaysia,Universiti Teknologi Petronas Seri Iskander,https://collegedunia.com/malaysia/university/742-universiti-teknologi-petronas-seri-iskander,school_homepage,new_vs_265
MY00010,malaysia,Universiti Putra Malaysia Seri Kembangan,https://collegedunia.com/malaysia/university/743-universiti-putra-malaysia-seri-kembangan,school_homepage,new_vs_265
MY00011,malaysia,Universiti Teknologi Mara Shah Alam,https://collegedunia.com/malaysia/university/744-universiti-teknologi-mara-shah-alam,school_homepage,base_265
MY00012,malaysia,University Of Nottingham Malaysia Semenyih,https://collegedunia.com/malaysia/college/2258-university-of-nottingham-malaysia-semenyih,school_homepage,base_265
MY00013,malaysia,Multimedia University Cyberjaya,https://collegedunia.com/malaysia/university/2262-multimedia-university-cyberjaya,school_homepage,base_265
MY00014,malaysia,Taylors University Subang Jaya,https://collegedunia.com/malaysia/university/2263-taylors-university-subang-jaya,school_homepage,base_265
MY00015,malaysia,Ucsi University Kuala Lumpur,https://collegedunia.com/malaysia/university/2264-ucsi-university-kuala-lumpur,school_homepage,new_vs_265
MY00016,malaysia,Sunway University Petaling Jaya,https://collegedunia.com/malaysia/university/2938-sunway-university-petaling-jaya,school_homepage,new_vs_265
MY00017,malaysia,Monash University Malaysia Subang Jaya,https://collegedunia.com/malaysia/college/3418-monash-university-malaysia-subang-jaya,school_homepage,new_vs_265
NL00001,netherlands,Rotterdam School Of Management Erasmus University Rsm Rotterdam,https://collegedunia.com/netherlands/college/660-rotterdam-school-of-management-erasmus-university-rsm-rotterdam,school_homepage,base_265
NL00002,netherlands,University Of Amsterdam Amsterdam,https://collegedunia.com/netherlands/university/745-university-of-amsterdam-amsterdam,school_homepage,new_vs_265
NL00003,netherlands,Vrije Universiteit Amsterdam Amsterdam,https://collegedunia.com/netherlands/university/746-vrije-universiteit-amsterdam-amsterdam,school_homepage,new_vs_265
NL00004,netherlands,Delft University Of Technology Delft,https://collegedunia.com/netherlands/university/747-delft-university-of-technology-delft,school_homepage,new_vs_265
NL00005,netherlands,Eindhoven University Of Technology Eindhoven,https://collegedunia.com/netherlands/university/748-eindhoven-university-of-technology-eindhoven,school_homepage,new_vs_265
NL00006,netherlands,University Of Twente Enschede,https://collegedunia.com/netherlands/university/749-university-of-twente-enschede,school_homepage,new_vs_265
NL00007,netherlands,University Of Groningen Groningen,https://collegedunia.com/netherlands/university/750-university-of-groningen-groningen,school_homepage,new_vs_265
NL00008,netherlands,Leiden University Leiden,https://collegedunia.com/netherlands/university/751-leiden-university-leiden,school_homepage,new_vs_265
NL00009,netherlands,Maastricht University Maastricht,https://collegedunia.com/netherlands/university/752-maastricht-university-maastricht,school_homepage,new_vs_265
NL00010,netherlands,Radboud University Nijmegen Nijmegen,https://collegedunia.com/netherlands/university/753-radboud-university-nijmegen,school_homepage,base_265
NL00011,netherlands,Erasmus University Rotterdam Rotterdam,https://collegedunia.com/netherlands/university/754-erasmus-university-rotterdam-rotterdam,school_homepage,new_vs_265
NL00012,netherlands,Tilburg University Tilburg,https://collegedunia.com/netherlands/university/755-tilburg-university-tilburg,school_homepage,base_265
NL00013,netherlands,Utrecht University Utrecht,https://collegedunia.com/netherlands/university/756-utrecht-university-utrecht,school_homepage,base_265
NL00014,netherlands,Wageningen University Research Wageningen,https://collegedunia.com/netherlands/university/757-wageningen-university--research-wageningen,school_homepage,new_vs_265
NL00015,netherlands,Maastricht School Of Management Maastricht,https://collegedunia.com/netherlands/college/2282-maastricht-school-of-management-maastricht,school_homepage,new_vs_265
NL00016,netherlands,Breda University Of Applied Sciences Breda,https://collegedunia.com/netherlands/university/2283-breda-university-of-applied-sciences-breda,school_homepage,new_vs_265
NL00017,netherlands,Royal Academy Of Art The Hague The Hague,https://collegedunia.com/netherlands/college/2287-royal-academy-of-art-the-hague-the-hague,school_homepage,new_vs_265
NL00018,netherlands,The Hague University Of Applied Sciences The Hague,https://collegedunia.com/netherlands/university/2568-the-hague-university-of-applied-sciences-the-hague,school_homepage,new_vs_265
NZ00001,new-zealand,Auckland University Of Technology Auckland,https://collegedunia.com/new-zealand/university/758-auckland-university-of-technology-auckland,school_homepage,new_vs_265
NZ00002,new-zealand,University Of Auckland Auckland,https://collegedunia.com/new-zealand/university/759-university-of-auckland-auckland,school_homepage,new_vs_265
NZ00003,new-zealand,University Of Canterbury Christchurch,https://collegedunia.com/new-zealand/university/760-university-of-canterbury-christchurch,school_homepage,base_265
NZ00004,new-zealand,University Of Otago Dunedin,https://collegedunia.com/new-zealand/university/761-university-of-otago-dunedin,school_homepage,new_vs_265
NZ00005,new-zealand,University Of Waikato Hamilton,https://collegedunia.com/new-zealand/university/762-university-of-waikato-hamilton,school_homepage,base_265
NZ00006,new-zealand,Lincoln University Lincoln,https://collegedunia.com/new-zealand/university/763-lincoln-university-lincoln,school_homepage,base_265
NZ00007,new-zealand,Massey University Palmerston North,https://collegedunia.com/new-zealand/university/764-massey-university-palmerston-north,school_homepage,new_vs_265
NZ00008,new-zealand,Victoria University Of Wellington Wellington,https://collegedunia.com/new-zealand/university/765-victoria-university-of-wellington-wellington,school_homepage,base_265
NZ00009,new-zealand,Southern Institute Of Technology Invercargill,https://collegedunia.com/new-zealand/college/3465-southern-institute-of-technology-invercargill,school_homepage,base_265
NZ00010,new-zealand,Wellington Institute Of Technology Petone,https://collegedunia.com/new-zealand/university/3650-wellington-institute-of-technology-petone,school_homepage,base_265
NZ00011,new-zealand,Unitech Institute Of Technology Auckland,https://collegedunia.com/new-zealand/college/3732-unitech-institute-of-technology-auckland,school_homepage,base_265
NZ00012,new-zealand,Whitireia New Zealand Porirua,https://collegedunia.com/new-zealand/college/3741-whitireia-new-zealand-porirua,school_homepage,base_265
NZ00013,new-zealand,Waikato Institute Of Technology Hamilton,https://collegedunia.com/new-zealand/university/3742-waikato-institute-of-technology-hamilton,school_homepage,base_265
SG00001,singapore,Nanyang Technological University Singapore,https://collegedunia.com/singapore/university/766-nanyang-technological-university-singapore,school_homepage,raw_recovered_2026_04_01
SG00002,singapore,National University Of Singapore Singapore,https://collegedunia.com/singapore/university/767-national-university-of-singapore-singapore,school_homepage,raw_recovered_2026_04_01
SG00003,singapore,Singapore Management University Singapore,https://collegedunia.com/singapore/university/768-singapore-management-university-singapore,school_homepage,raw_recovered_2026_04_01
SG00004,singapore,Insead Singapore,https://collegedunia.com/singapore/college/2705-insead-singapore,school_homepage,raw_recovered_2026_04_01
SG00005,singapore,Singapore Institute Of Management Singapore,https://collegedunia.com/singapore/college/2706-singapore-institute-of-management-singapore,school_homepage,raw_recovered_2026_04_01
SG00006,singapore,National University Of Singapore Business School Singapore,https://collegedunia.com/singapore/college/2722-national-university-of-singapore-business-school-singapore,school_homepage,raw_recovered_2026_04_01
SG00007,singapore,Amity Global Institue Singapore,https://collegedunia.com/singapore/university/3599-amity-global-institue-singapore,school_homepage,raw_recovered_2026_04_01
SG00008,singapore,James Cook University Singapore,https://collegedunia.com/singapore/university/3641-james-cook-university-singapore,school_homepage,raw_recovered_2026_04_01
SG00009,singapore,London School Of Business And Finance Singapore,https://collegedunia.com/singapore/college/3653-london-school-of-business-and-finance-singapore,school_homepage,raw_recovered_2026_04_01
SE00001,sweden,Chalmers University Of Technology Gothenburg,https://collegedunia.com/sweden/university/769-chalmers-university-of-technology-gothenburg,school_homepage,new_vs_265
SE00002,sweden,University Of Gothenburg Gothenburg,https://collegedunia.com/sweden/university/770-university-of-gothenburg-gothenburg,school_homepage,new_vs_265
SE00003,sweden,Linkoping University Linkoping,https://collegedunia.com/sweden/university/771-linkoping-university-linkoping,school_homepage,new_vs_265
SE00004,sweden,Lulea University Of Technology Lulea,https://collegedunia.com/sweden/university/772-lulea-university-of-technology-lulea,school_homepage,new_vs_265
SE00005,sweden,Lund University Lund,https://collegedunia.com/sweden/university/773-lund-university-lund,school_homepage,new_vs_265
SE00006,sweden,Orebro University Orebro,https://collegedunia.com/sweden/university/774-orebro-university-orebro,school_homepage,new_vs_265
SE00007,sweden,Karolinska Institute Stockholm,https://collegedunia.com/sweden/university/775-karolinska-institute-stockholm,school_homepage,new_vs_265
SE00008,sweden,Kth Royal Institute Of Technology Stockholm,https://collegedunia.com/sweden/university/776-kth-royal-institute-of-technology-stockholm,school_homepage,new_vs_265
SE00009,sweden,Stockholm School Of Economics Stockholm,https://collegedunia.com/sweden/college/777-stockholm-school-of-economics-stockholm,school_homepage,new_vs_265
SE00010,sweden,Stockholm University Stockholm,https://collegedunia.com/sweden/university/778-stockholm-university-stockholm,school_homepage,new_vs_265
SE00011,sweden,Umea University Umea,https://collegedunia.com/sweden/university/779-umea-university-umea,school_homepage,new_vs_265
SE00012,sweden,Swedish University Of Agricultural Sciences Uppsala,https://collegedunia.com/sweden/university/780-swedish-university-of-agricultural-sciences-uppsala,school_homepage,new_vs_265
SE00013,sweden,Uppsala University Uppsala,https://collegedunia.com/sweden/university/781-uppsala-university-uppsala,school_homepage,new_vs_265
SE00014,sweden,Linnaeus University Vaxjo,https://collegedunia.com/sweden/university/782-linnaeus-university-vaxjo,school_homepage,new_vs_265
SE00015,sweden,Malmo University Malmo,https://collegedunia.com/sweden/university/2267-malmo-university-malmo,school_homepage,new_vs_265
SE00016,sweden,Jonkoping University Jonkoping,https://collegedunia.com/sweden/university/2268-jonkoping-university-jonkoping,school_homepage,new_vs_265
SE00017,sweden,Karlstad University Karlstad,https://collegedunia.com/sweden/university/2270-karlstad-university-karlstad,school_homepage,new_vs_265
SE00018,sweden,Malardalen University Vasteras,https://collegedunia.com/sweden/university/2271-malardalen-university-vasteras,school_homepage,new_vs_265
SE00019,sweden,Mid Sweden University Sundsvall,https://collegedunia.com/sweden/university/2273-mid-sweden-university-sundsvall,school_homepage,new_vs_265
SE00020,sweden,University Of Gavle Gavle,https://collegedunia.com/sweden/university/2274-university-of-gavle-gavle,school_homepage,new_vs_265
SE00021,sweden,University Of Skovde Skovde,https://collegedunia.com/sweden/university/2275-university-of-skovde-skovde,school_homepage,new_vs_265
CH00001,switzerland,Eth Zurich Zurich,https://collegedunia.com/switzerland/university/3655-eth-zurich-zurich,school_homepage,raw_recovered_2026_04_01
AE00001,uae,Amity University Dubai,https://collegedunia.com/uae/university/3589-amity-university-dubai,school_homepage,new_vs_265
AE00002,uae,Bits Pilani Dubai,https://collegedunia.com/uae/university/3590-bits-pilani-dubai,school_homepage,new_vs_265
AE00003,uae,University Of Birmingham Dubai Dubai,https://collegedunia.com/uae/university/3591-university-of-birmingham-dubai-dubai,school_homepage,new_vs_265
AE00004,uae,Khalifa University Abu Dhabi,https://collegedunia.com/uae/university/3592-khalifa-university-abu-dhabi,school_homepage,base_265
AE00005,uae,Abu Dhabi University Dubai,https://collegedunia.com/uae/university/3593-abu-dhabi-university-dubai,school_homepage,new_vs_265
AE00006,uae,University Of Wollongong Dubai Dubai,https://collegedunia.com/uae/university/3595-university-of-wollongong-dubai-dubai,school_homepage,new_vs_265
AE00007,uae,Middlesex University Dubai Dubai,https://collegedunia.com/uae/university/3596-middlesex-university-dubai-dubai,school_homepage,new_vs_265
AE00008,uae,University Of Sharjah Sharjah,https://collegedunia.com/uae/university/3597-university-of-sharjah-sharjah,school_homepage,new_vs_265
AE00009,uae,Westford University College Sharjah,https://collegedunia.com/uae/university/3598-westford-university-college-sharjah,school_homepage,base_265
AE00010,uae,Zayed University Dubai,https://collegedunia.com/uae/university/3600-zayed-university-dubai,school_homepage,new_vs_265
AE00011,uae,Manipal Academy Of Higher Education Dubai,https://collegedunia.com/uae/university/3601-manipal-academy-of-higher-education-dubai,school_homepage,base_265
AE00012,uae,United Arab Emirates University Al Ain,https://collegedunia.com/uae/university/3602-united-arab-emirates-university-al-ain,school_homepage,new_vs_265
AE00013,uae,Gulf Medical University Ajman,https://collegedunia.com/uae/university/3604-gulf-medical-university-ajman,school_homepage,new_vs_265
AE00014,uae,De Montfort University Dubai,https://collegedunia.com/uae/university/3623-de-montfort-university-dubai,school_homepage,new_vs_265
AE00015,uae,University Of Bolton Al Qusaidat,https://collegedunia.com/uae/university/3672-university-of-bolton-al-qusaidat,school_homepage,new_vs_265
AE00016,uae,Canadian University Dubai Dubai,https://collegedunia.com/uae/university/3695-canadian-university-dubai-dubai,school_homepage,new_vs_265
AE00017,uae,Ajman University Ajman,https://collegedunia.com/uae/university/3700-ajman-university-ajman,school_homepage,new_vs_265
AE00018,uae,American University Of Sharjah Sharjah,https://collegedunia.com/uae/university/3708-american-university-of-sharjah-sharjah,school_homepage,new_vs_265
AE00019,uae,American University In Dubai Dubai,https://collegedunia.com/uae/university/3792-american-university-in-dubai-dubai,school_homepage,new_vs_265
AE00020,uae,Jumeira University Dubai,https://collegedunia.com/uae/university/3812-jumeira-university-dubai,school_homepage,new_vs_265
UK00001,uk,Robert Gordon University Aberdeen,https://collegedunia.com/uk/university/783-robert-gordon-university-aberdeen,school_homepage,new_vs_265
UK00002,uk,University Of Aberdeen Aberdeen,https://collegedunia.com/uk/university/784-university-of-aberdeen-aberdeen,school_homepage,new_vs_265
UK00003,uk,Aberystwyth University Aberystwyth,https://collegedunia.com/uk/university/785-aberystwyth-university-aberystwyth,school_homepage,new_vs_265
UK00004,uk,University Of Bath Bath,https://collegedunia.com/uk/university/786-university-of-bath-bath,school_homepage,new_vs_265
UK00005,uk,Cranfield University Bedford,https://collegedunia.com/uk/university/787-cranfield-university-bedford,school_homepage,new_vs_265
UK00006,uk,Queens University Belfast Belfast,https://collegedunia.com/uk/university/788-queens-university-belfast-belfast,school_homepage,new_vs_265
UK00007,uk,Ulster University Belfast,https://collegedunia.com/uk/university/789-ulster-university-belfast,school_homepage,new_vs_265
UK00008,uk,University Of Reading Berkshire,https://collegedunia.com/uk/university/791-university-of-reading-berkshire,school_homepage,new_vs_265
UK00009,uk,Aston University Birmingham,https://collegedunia.com/uk/university/792-aston-university-birmingham,school_homepage,new_vs_265
UK00010,uk,University Of Birmingham Birmingham,https://collegedunia.com/uk/university/793-university-of-birmingham-birmingham,school_homepage,base_265
UK00011,uk,University Of Brighton Brighton,https://collegedunia.com/uk/university/795-university-of-brighton-brighton,school_homepage,new_vs_265
UK00012,uk,University Of Sussex Brighton,https://collegedunia.com/uk/university/796-university-of-sussex-brighton,school_homepage,new_vs_265
UK00013,uk,University Of Bristol Bristol,https://collegedunia.com/uk/university/797-university-of-bristol-bristol,school_homepage,base_265
UK00014,uk,University Of The West Of England Bristol,https://collegedunia.com/uk/university/798-university-of-the-west-of-england-bristol,school_homepage,new_vs_265
UK00015,uk,University Of Cambridge Cambridge,https://collegedunia.com/uk/university/800-university-of-cambridge-cambridge,school_homepage,new_vs_265
UK00016,uk,Cardiff University Cardiff,https://collegedunia.com/uk/university/802-cardiff-university-cardiff,school_homepage,new_vs_265
UK00017,uk,Coventry University Coventry,https://collegedunia.com/uk/university/804-coventry-university-coventry,school_homepage,new_vs_265
UK00018,uk,University Of Warwick Coventry,https://collegedunia.com/uk/university/805-university-of-warwick-coventry,school_homepage,new_vs_265
UK00019,uk,University Of Derby Derby,https://collegedunia.com/uk/university/806-university-of-derby-derby,school_homepage,new_vs_265
UK00020,uk,University Of Dundee Dundee,https://collegedunia.com/uk/university/807-university-of-dundee-dundee,school_homepage,new_vs_265
UK00021,uk,Edinburgh Napier University,https://collegedunia.com/uk/university/808-edinburgh-napier-university,school_homepage,new_vs_265
UK00022,uk,Heriot Watt University Edinburgh,https://collegedunia.com/uk/university/809-heriot-watt-university-edinburgh,school_homepage,new_vs_265
UK00023,uk,University Of Edinburgh Edinburgh,https://collegedunia.com/uk/university/810-university-of-edinburgh-edinburgh,school_homepage,new_vs_265
UK00024,uk,University Of Exeter Exeter,https://collegedunia.com/uk/university/812-university-of-exeter-exeter,school_homepage,new_vs_265
UK00025,uk,Glasgow Caledonian University Glasgow,https://collegedunia.com/uk/university/813-glasgow-caledonian-university-glasgow,school_homepage,new_vs_265
UK00026,uk,University Of Glasgow Glasgow,https://collegedunia.com/uk/university/814-university-of-glasgow-glasgow,school_homepage,base_265
UK00027,uk,University Of Strathclyde Glasgow,https://collegedunia.com/uk/university/815-university-of-strathclyde-glasgow,school_homepage,new_vs_265
UK00028,uk,University Of Surrey Guildford,https://collegedunia.com/uk/university/816-university-of-surrey-guildford,school_homepage,new_vs_265
UK00029,uk,University Of The West Of Scotland Glasgow,https://collegedunia.com/uk/university/818-university-of-the-west-of-scotland-glasgow,school_homepage,new_vs_265
UK00030,uk,University Of Hertfordshire Hatfield,https://collegedunia.com/uk/university/819-university-of-hertfordshire-hatfield,school_homepage,new_vs_265
UK00031,uk,Kingston University Kingston Upon Thames,https://collegedunia.com/uk/university/822-kingston-university-kingston-upon-thames,school_homepage,new_vs_265
UK00032,uk,Lancaster University Lancaster,https://collegedunia.com/uk/university/823-lancaster-university-lancaster,school_homepage,base_265
UK00033,uk,Leeds Beckett University Leeds,https://collegedunia.com/uk/university/824-leeds-beckett-university-leeds,school_homepage,new_vs_265
UK00034,uk,University Of Leeds Leeds,https://collegedunia.com/uk/university/825-university-of-leeds-leeds,school_homepage,new_vs_265
UK00035,uk,University Of Leicester Leicester,https://collegedunia.com/uk/university/827-university-of-leicester-leicester,school_homepage,new_vs_265
UK00036,uk,University Of Lincoln Lincoln,https://collegedunia.com/uk/college/828-university-of-lincoln-lincoln,school_homepage,new_vs_265
UK00037,uk,University Of Liverpool Liverpool,https://collegedunia.com/uk/university/830-university-of-liverpool-liverpool,school_homepage,new_vs_265
UK00038,uk,City University Of London London,https://collegedunia.com/uk/university/832-city-university-of-london-london,school_homepage,new_vs_265
UK00039,uk,Durham University Durham,https://collegedunia.com/uk/university/833-durham-university-durham,school_homepage,new_vs_265
UK00040,uk,Imperial College London London,https://collegedunia.com/uk/university/835-imperial-college-london-london,school_homepage,new_vs_265
UK00041,uk,Kings College London London,https://collegedunia.com/uk/university/836-kings-college-london-london,school_homepage,base_265
UK00042,uk,London School Of Economics And Political Science London,https://collegedunia.com/uk/college/839-london-school-of-economics-and-political-science-london,school_homepage,base_265
UK00043,uk,London School Of Hygiene Tropical Medicine London,https://collegedunia.com/uk/college/840-london-school-of-hygiene--tropical-medicine-london,school_homepage,new_vs_265
UK00044,uk,Middlesex University London,https://collegedunia.com/uk/university/842-middlesex-university-london,school_homepage,new_vs_265
UK00045,uk,Queen Mary University Of London London,https://collegedunia.com/uk/university/843-queen-mary-university-of-london-london,school_homepage,new_vs_265
UK00046,uk,School Of Oriental And African Studies University Of London London,https://collegedunia.com/uk/university/844-school-of-oriental-and-african-studies-university-of-london-london,school_homepage,new_vs_265
UK00047,uk,St Georges University Of London London,https://collegedunia.com/uk/college/845-st-georges-university-of-london-london,school_homepage,new_vs_265
UK00048,uk,University College London London,https://collegedunia.com/uk/university/846-university-college-london-london,school_homepage,new_vs_265
UK00049,uk,University Of East London London,https://collegedunia.com/uk/university/847-university-of-east-london-london,school_homepage,new_vs_265
UK00050,uk,University Of Greenwich London,https://collegedunia.com/uk/university/848-university-of-greenwich-london,school_homepage,new_vs_265
UK00051,uk,University Of Westminster London,https://collegedunia.com/uk/college/851-university-of-westminster-london,school_homepage,new_vs_265
UK00052,uk,Loughborough University Loughborough,https://collegedunia.com/uk/university/852-loughborough-university-loughborough,school_homepage,new_vs_265
UK00053,uk,The University Of Manchester Manchester,https://collegedunia.com/uk/university/855-the-university-of-manchester-manchester,school_homepage,base_265
UK00054,uk,Newcastle University Newcastle Upon Tyne,https://collegedunia.com/uk/university/859-newcastle-university-newcastle-upon-tyne,school_homepage,new_vs_265
UK00055,uk,University Of East Anglia Norwich,https://collegedunia.com/uk/university/861-university-of-east-anglia-norwich,school_homepage,new_vs_265
UK00056,uk,Nottingham Trent University Nottingham,https://collegedunia.com/uk/university/862-nottingham-trent-university-nottingham,school_homepage,new_vs_265
UK00057,uk,University Of Nottingham Nottingham,https://collegedunia.com/uk/university/863-university-of-nottingham-nottingham,school_homepage,base_265
UK00058,uk,Oxford Brookes University Oxford,https://collegedunia.com/uk/university/864-oxford-brookes-university-oxford,school_homepage,new_vs_265
UK00059,uk,University Of Oxford Oxford,https://collegedunia.com/uk/university/865-university-of-oxford-oxford,school_homepage,new_vs_265
UK00060,uk,University Of South Wales Pontypridd,https://collegedunia.com/uk/university/867-university-of-south-wales-pontypridd,school_homepage,new_vs_265
UK00061,uk,University Of Central Lancashire Preston,https://collegedunia.com/uk/university/870-university-of-central-lancashire-preston,school_homepage,new_vs_265
UK00062,uk,University Of Salford Salford,https://collegedunia.com/uk/university/871-university-of-salford-salford,school_homepage,new_vs_265
UK00063,uk,University Of St Andrews St Andrews,https://collegedunia.com/uk/university/872-university-of-st-andrews-st-andrews,school_homepage,new_vs_265
UK00064,uk,University Of Sheffield Sheffield,https://collegedunia.com/uk/university/874-university-of-sheffield-sheffield,school_homepage,new_vs_265
UK00065,uk,University Of Southampton Southampton,https://collegedunia.com/uk/university/875-university-of-southampton-southampton,school_homepage,base_265
UK00066,uk,Swansea University Swansea,https://collegedunia.com/uk/university/877-swansea-university-swansea,school_homepage,new_vs_265
UK00067,uk,University Of York York,https://collegedunia.com/uk/university/879-university-of-york-york,school_homepage,new_vs_265
UK00068,uk,Birmingham City University Birmingham,https://collegedunia.com/uk/university/2288-birmingham-city-university-birmingham,school_homepage,new_vs_265
UK00069,uk,Glasgow School Of Art Glasgow,https://collegedunia.com/uk/college/2293-glasgow-school-of-art-glasgow,school_homepage,new_vs_265
UK00070,uk,Liverpool School Of Tropical Medicine Liverpool,https://collegedunia.com/uk/college/2296-liverpool-school-of-tropical-medicine-liverpool,school_homepage,new_vs_265
UK00071,uk,Glasgow School For Business And Society Glasgow,https://collegedunia.com/uk/college/2342-glasgow-school-for-business-and-society-glasgow,school_homepage,new_vs_265
UK00072,uk,Lancaster University Management School Lancaster,https://collegedunia.com/uk/college/2358-lancaster-university---management-school-lancaster,school_homepage,new_vs_265
UK00073,uk,University Of London London,https://collegedunia.com/uk/university/2366-university-of-london-london,school_homepage,new_vs_265
UK00074,uk,Bath Spa University Bath,https://collegedunia.com/uk/university/2588-bath-spa-university-bath,school_homepage,new_vs_265
UK00075,uk,Cranfield School Of Management Bedford,https://collegedunia.com/uk/college/2611-cranfield-school-of-management-bedford,school_homepage,new_vs_265
UK00076,uk,Solent University Southampton,https://collegedunia.com/uk/university/2674-solent-university-southampton,school_homepage,new_vs_265
UK00077,uk,University College Birmingham Birmingham,https://collegedunia.com/uk/university/2688-university-college-birmingham-birmingham,school_homepage,new_vs_265
UK00078,uk,School Of Management University Of Bath Bath,https://collegedunia.com/uk/college/2776-school-of-management-university-of-bath-bath,school_homepage,new_vs_265
UK00079,uk,York St John University York,https://collegedunia.com/uk/university/2897-york-st-john-university-york,school_homepage,new_vs_265
